Post URL,Labels,Dominant Topic,Topic 1,Topic 2,Topic C,,,,
CyEfFWRPp-Y,"['cartoon', 'font', 'art', 'happy', 'event', 'photo', 'caption', 'graphic', 'graphic', 'design', 'illustration', 'fiction']",Topic C,0.036987193,0.027093688,0.93591917,,,,
CyEKIYtxEGl,"['light', 'nature', 'lighting', 'organism', 'art', 'font', 'plant', 'moon', 'electric', 'blue', 'calabaza']",Topic B,0.042747356,0.668948,0.28830466,,,,
Cx-6CDzLux7,"['poster', 'cg', 'artwork', 'flash', 'photography', 'font', 'darkness', 'fictional', 'character', 'graphic', 'game', 'fiction', 'movie']",Topic C,0.035907738,0.026052974,0.9380393,,,,
Cx525L9xJbw,"['flash', 'photography', 'eyewear', 'font', 'technology', 'audio', 'equipment', 'music', 'musical', 'keyboard', 'multimedia', 'display', 'device', 'pianist']",Topic B,0.21825723,0.75688213,0.024860628,,,,
Cx3EXD_hxmw,"['world', 'blue', 'azure', 'organism', 'font', 'electric', 'blue', 'poster', 'science', 'advertising', 'illustration']",Topic C,0.03970324,0.12954557,0.8307512,,,,
Cx2NbUYsW4T,"['smile', 'mouth', 'jaw', 'happy', 'textile', 'toy', 'font', 'stuffed', 'toy', 'snout', 'snapshot']",Topic A,0.9353571,0.029594095,0.035048842,,,,
CxxtCWGLks-,"['dog', 'sky', 'cartoon', 'poster', 'carnivore', 'dog', 'breed', 'cloud', 'fawn', 'companion', 'dog', 'happy']",Topic A,0.9391913,0.029866826,0.030941883,,,,
CxvqtCYRiUs,"['wheel', 'smile', 'sunglass', 'font', 'happy', 'tire', 'art', 'poster', 'travel', 'motor', 'vehicle']",Topic B,0.25041753,0.7020509,0.047531538,,,,
Cxs_Cm4xBiy,"['purple', 'entertainment', 'font', 'poster', 'pink', 'smile', 'magenta', 'event', 'music', 'advertising']",Topic A,0.92761326,0.031167105,0.041219626,,,,
Cxd4fO_v8qh,"['orange', 'amber', 'yellow', 'font', 'poster', 'advertising', 'graphic', 'event', 'art', 'logo']",Topic A,0.66401803,0.031006709,0.30497524,,,,
CxdbXR6L-C5,"['forehead', 'head', 'outerwear', 'eye', 'tie', 'flash', 'photography', 'collar', 'poster', 'formal', 'wear', 'dress', 'shirt']",Topic A,0.9491722,0.0262654,0.024562431,,,,
CxdWIa1LB8G,"['world', 'happy', 'smile', 'poster', 'font', 'event', 'holiday', 'space', 'electric', 'blue', 'greeting']",Topic A,0.61274594,0.029106075,0.358148,,,,
Cxa2eYWRHjf,"['font', 'poster', 'movie', 'darkness', 'event', 'automotive', 'tire', 'logo', 'advertising', 'action', 'film', 'graphic', 'design']",Topic C,0.1160152,0.21157812,0.6724067,,,,
CxYiGunhf8H,"['vertebrate', 'azure', 'water', 'mythical', 'creature', 'organism', 'art', 'aqua', 'cartoon', 'cg', 'artwork', 'liquid']",Topic B,0.026293458,0.6908358,0.28287074,,,,
CxV6zuAxrHG,"['font', 'triangle', 'red', 'poster', 'art', 'liquid', 'event', 'rectangle', 'carmine', 'graphic']",Topic A,0.7622271,0.037408877,0.20036404,,,,
CxVzw4fJJFp,"['mouth', 'cartoon', 'gesture', 'poster', 'font', 'art', 'cg', 'artwork', 'illustration', 'happy', 'fictional', 'character']",Topic C,0.21426469,0.027494526,0.75824076,,,,
CxQ9nsrPyCd,"['sleeve', 'leather', 'jacket', 'event', 'beard', 'fashion', 'design', 'art', 'tartan', 'plaid', 'tradition', 'pattern']",Topic B,0.25119293,0.720034,0.028773088,,,,
CxOpAC0PEhS,"['font', 'art', 'screenshot', 'recreation', 'leisure', 'advertising', 'graphic', 'design', 'publication', 'rectangle', 'snow']",Topic A,0.71463704,0.03169288,0.2536701,,,,
CxLdQ24R-V0,"['world', 'organism', 'font', 'adaptation', 'astronomical', 'object', 'science', 'electric', 'blue', 'space', 'advertising', 'event']",Topic C,0.26577312,0.027462361,0.7067646,,Average Association,,
CxI7yDat3kY,"['world', 'entertainment', 'font', 'poster', 'technology', 'circle', 'fictional', 'character', 'illustration', 'space', 'graphic']",Topic C,0.0293753,0.028353827,0.9422709,,,,
CxI1hoKr65t,"['glass', 'poster', 'font', 'smile', 'sleeve', 'advertising', 'hat', 'happy', 'eyewear', 'graphic', 'design']",Topic A,0.933042,0.031273704,0.035684302,,Topic 1,Topic 2,Topic C
CxIuEcio-da,"['entertainment', 'flash', 'photography', 'hat', 'cool', 'font', 'poster', 'movie', 'event', 'darkness', 'electric', 'blue']",Topic A,0.508594,0.02750591,0.46390012,,46%,19%,35%
CxGXfX-x7Xd,"['table', 'vision', 'care', 'wood', 'interior', 'design', 'toy', 'window', 'art', 'smile', 'handwriting', 'coffee', 'table']",Topic A,0.9463278,0.027807748,0.02586445,,,,
CxGQxqkLo7s,"['entertainment', 'font', 'flash', 'photography', 'poster', 'movie', 'art', 'event', 'advertising', 'photo', 'caption', 'collage']",Topic A,0.6411236,0.026496483,0.3323799,,,,
CxA3CQfr8Oc,"['hat', 'coat', 'poster', 'entertainment', 'movie', 'font', 'event', 'publication', 'electric', 'blue', 'photo', 'caption']",Topic C,0.24553387,0.026267894,0.72819823,,-->Name the Topics xD,,
Cw8D37txlEs,"['cartoon', 'font', 'art', 'motor', 'vehicle', 'poster', 'illustration', 'advertising', 'fictional', 'character', 'comic', 'graphic', 'design']",Topic C,0.0253553,0.2521715,0.7224732,,--> Callout key differences between topics,,
Cw3H8zBN3WK,"['poster', 'font', 'entertainment', 'action', 'film', 'cg', 'artwork', 'fictional', 'character', 'illustration', 'advertising', 'movie', 'music']",Topic C,0.11305529,0.023979945,0.86296475,,--> Topics are differentiated in case of disney in terms of what each topic represents,,
Cw26ySWP9Uj,"['entertainment', 'poster', 'font', 'cg', 'artwork', 'movie', 'fictional', 'character', 'electric', 'blue', 'event', 'graphic', 'performing', 'art']",Topic C,0.059933994,0.022570115,0.9174959,,--> But still it is not good enough for explaining engagement gap,,
Cwa6FK1R0qM,"['hair', 'comfort', 'happy', 'gesture', 'yellow', 'leisure', 'fun', 'couch', 'event', 'smile']",Topic A,0.9353144,0.03344265,0.031242913,,,,
CwYVUmqy2WD,"['font', 'technology', 'magenta', 'electric', 'blue', 'poster', 'event', 'advertising', 'art', 'graphic', 'design', 'screenshot']",Topic C,0.029044962,0.026937272,0.94401777,,,,
CwYHkiuxfaV,"['human', 'poster', 'font', 'art', 'publication', 'fictional', 'character', 'illustration', 'magenta', 'graphic', 'entertainment']",Topic C,0.030359086,0.028262926,0.94137794,,,,
CwX58kjr-iV,"['happy', 'poster', 'font', 'event', 'electric', 'blue', 'ornament', 'graphic', 'greeting', 'art', 'christmas', 'eve']",Topic C,0.30983964,0.30897155,0.38118878,,,,
CwSwtBMxFRk,"['cartoon', 'vertebrate', 'font', 'art', 'poster', 'illustration', 'fictional', 'character', 'electric', 'blue', 'advertising', 'space']",Topic C,0.026914643,0.02769566,0.9453897,,,,
CwNvYWgMi7a,"['electric', 'blue', 'poster', 'fictional', 'character', 'entertainment', 'space', 'graphic', 'advertising', 'symmetry', 'graphic', 'design', 'fiction']",Topic C,0.026181472,0.024509512,0.949309,,,,
CwNhkz7LHzd,"['smile', 'purple', 'fashion', 'flash', 'photography', 'tie', 'entertainment', 'music', 'artist', 'violet', 'performing', 'art', 'electric', 'blue']",Topic A,0.9527242,0.023227934,0.024047839,,,,
CwGF_C0vRmQ,"['purple', 'toy', 'doll', 'cartoon', 'violet', 'event', 'happy', 'fun', 'magenta', 'fictional', 'character']",Topic C,0.42979258,0.028784538,0.5414229,,,,
CwBUBqmh-QT,"['entertainment', 'font', 'event', 'poster', 'advertising', 'graphic', 'electric', 'blue', 'art', 'magenta', 'logo']",Topic C,0.25269836,0.028756978,0.71854466,,,,
Cv-x-qHhDgR,"['water', 'sky', 'plant', 'hand', 'arm', 'muscle', 'natural', 'environment', 'people', 'nature', 'sleeve', 'happy']",Topic A,0.9379386,0.036051545,0.026009882,,,,
Cv5psfGhzd2,"['forehead', 'chin', 'photograph', 'jaw', 'flash', 'photography', 'cool', 'beard', 'art', 'facial', 'hair', 'adaptation']",Topic A,0.9450035,0.027643068,0.027353399,,,,
Cvzv0cNr878,"['cartoon', 'font', 'art', 'happy', 'illustration', 'poster', 'fictional', 'character', 'drawing', 'design', 'graphic']",Topic C,0.035598062,0.02957395,0.934828,,,,
CvvB-qzAJAT,"['flash', 'photography', 'poster', 'entertainment', 'font', 'movie', 'advertising', 'event', 'music', 'glove', 'performing', 'art']",Topic A,0.93925107,0.027554246,0.033194672,,,,
CvsI50SRnzC,"['purple', 'toy', 'doll', 'pink', 'violet', 'fun', 'event', 'magenta', 'art', 'animated', 'cartoon']",Topic C,0.47701612,0.029077657,0.49390626,,,,
Cvpka3KSs4S,"['flash', 'photography', 'poster', 'electric', 'blue', 'beard', 'darkness', 'font', 'photo', 'caption', 'publication', 'action', 'film', 'fictional', 'character']",Topic C,0.03189934,0.022880122,0.94522053,,,,
Cvpj7waydNX,"['flash', 'photography', 'entertainment', 'poster', 'performing', 'art', 'font', 'music', 'music', 'artist', 'event', 'art', 'cg', 'artwork']",Topic A,0.6656002,0.022956649,0.31144315,,,,
CvpdO0iLLl1,"['organism', 'poster', 'cg', 'artwork', 'happy', 'people', 'nature', 'electric', 'blue', 'flash', 'photography', 'publication', 'fictional', 'character', 'art']",Topic C,0.30314258,0.022925971,0.6739315,,,,
CvnGQvqxEbx,"['flower', 'happy', 'font', 'plant', 'terrestrial', 'plant', 'people', 'nature', 'art', 'poster', 'event', 'cut', 'flower']",Topic A,0.9476077,0.02629682,0.02609552,,,,
CvcrpgPrLk4,"['light', 'black', 'human', 'infrastructure', 'asphalt', 'line', 'public', 'space', 'road', 'surface', 'font', 'crowd']",Topic C,0.026503932,0.032315906,0.9411801,,,,
CvXNuC5rCBB,"['eyewear', 'hat', 'fedora', 'flash', 'photography', 'cool', 'cap', 'military', 'person', 'tie', 'military', 'uniform', 'cg', 'artwork']",Topic B,0.027569834,0.68591905,0.2865111,,,,
CvSe9MguTRc,"['water', 'liquid', 'jaw', 'organism', 'lamniformes', 'art', 'carcharhiniformes', 'shark', 'requiem', 'shark', 'painting']",Topic B,0.02937716,0.9412629,0.029359967,,,,
CvQRUSWvy9m,"['gesture', 'sport', 'equipment', 'font', 'leisure', 'circle', 'ball', 'illustration', 'poster', 'graphic', 'logo']",Topic A,0.7581052,0.04095001,0.20094477,,,,
CvPzkBmBq42,"['dress', 'shirt', 'neck', 'sleeve', 'collar', 'cool', 'flash', 'photography', 'fashion', 'design', 'black', 'hair', 'waist', 'eyewear']",Topic B,0.028419925,0.9488765,0.022703538,,,,
CvKqiperxio,"['poster', 'cap', 'beard', 'movie', 'art', 'action', 'film', 'advertising', 'font', 'photo', 'caption', 'moustache']",Topic C,0.027629506,0.026190292,0.9461802,,,,
CvIFvelLWNy,"['smile', 'snow', 'natural', 'environment', 'poster', 'adaptation', 'happy', 'recreation', 'working', 'animal', 'terrestrial', 'animal', 'movie']",Topic A,0.9489327,0.025314778,0.02575254,,,,
CvFnP1vxRlI,"['cartoon', 'poster', 'publication', 'movie', 'electric', 'blue', 'fictional', 'character', 'art', 'action', 'film', 'book', 'cover', 'cg', 'artwork']",Topic C,0.02142745,0.02112732,0.95744526,,,,
Cu4vc9GRreH,"['world', 'font', 'entertainment', 'poster', 'technology', 'movie', 'fictional', 'character', 'space', 'electric', 'blue', 'event']",Topic C,0.027880272,0.02616768,0.94595206,,,,
CuzmL6yOzq6,"['font', 'poster', 'electric', 'blue', 'magenta', 'event', 'fictional', 'character', 'publication', 'illustration', 'art', 'graphic', 'design']",Topic C,0.026221331,0.024673901,0.9491048,,,,
CuzYqG_Ogix,"['musical', 'instrument', 'guitar', 'guitar', 'accessory', 'hat', 'drum', 'music', 'musician', 'poster', 'string', 'instrument', 'accessory', 'font']",Topic B,0.3644629,0.6098335,0.025703572,,,,
Curz5ANrReB,"['sleeve', 'gesture', 'font', 'temporary', 'tattoo', 'elbow', 'wrist', 'logo', 'drink', 'fashion', 'accessory']",Topic B,0.064111225,0.90609014,0.029798605,,,,
CunDr6XRYtC,"['beard', 'font', 'flash', 'photography', 'sleeve', 'jacket', 'photo', 'caption', 'facial', 'hair', 'darkness', 'fictional', 'character', 'moustache']",Topic A,0.500662,0.025569431,0.47376856,,,,
CukFXuehEat,"['flash', 'photography', 'entertainment', 'poster', 'performing', 'art', 'font', 'music', 'event', 'electric', 'blue', 'music', 'artist', 'fictional', 'character']",Topic A,0.64214045,0.021569883,0.33628964,,,,
CuZ8y_ivMYi,"['cartoon', 'smile', 'poster', 'font', 'happy', 'art', 'illustration', 'advertising', 'sharing', 'event']",Topic A,0.50089043,0.03129232,0.46781728,,,,
CuX3GfbBwvb,"['vision', 'care', 'eyewear', 'happy', 'hat', 'headgear', 'eyelash', 'black', 'hair', 'travel', 'personal', 'protective', 'equipment', 'goggles']",Topic B,0.025231365,0.952062,0.02270661,,,,
CuXQ8K3RUJX,"['font', 'electric', 'blue', 'advertising', 'astronomical', 'object', 'science', 'screenshot', 'event', 'logo', 'graphic', 'design', 'brand']",Topic A,0.9187317,0.024835872,0.05643248,,,,
CuXDxKXNFuG,"['clothing', 'fashion', 'flash', 'photography', 'eyewear', 'fashion', 'design', 'waist', 'happy', 'font', 'thigh', 'event']",Topic A,0.6724737,0.3005205,0.027005725,,,,
CuNLfHihwUe,"['entertainment', 'musician', 'event', 'darkness', 'music', 'worker', 'sitting', 'chair', 'room', 'conversation']",Topic A,0.7683542,0.034341123,0.19730476,,,,
CuM24oEBUtH,"['liquid', 'lamnidae', 'azure', 'shark', 'world', 'water', 'organism', 'lamniformes', 'requiem', 'shark', 'fin']",Topic B,0.028293299,0.9423512,0.029355537,,,,
CuICa1LhgEJ,"['tie', 'music', 'gesture', 'entertainment', 'performing', 'art', 'fashion', 'design', 'hat', 'blazer', 'formal', 'wear', 'musician']",Topic A,0.949612,0.025475636,0.024912339,,,,
CuDaofehrcU,"['sky', 'cloud', 'gesture', 'happy', 'entertainment', 'poster', 'performing', 'art', 'font', 'music', 'musical', 'instrument']",Topic A,0.94203717,0.029171396,0.028791443,,,,
CuCqkqkNPOy,"['helmet', 'poster', 'publication', 'personal', 'protective', 'equipment', 'book', 'action', 'film', 'fictional', 'character', 'engineering', 'illustration', 'advertising']",Topic C,0.022782741,0.36228603,0.6149312,,,,
Ct-RC5qhuiq,"['smile', 'flash', 'photography', 'fashion', 'design', 'eyelash', 'happy', 'font', 'jewellery', 'event', 'fashion', 'model', 'blond']",Topic A,0.9501777,0.025072256,0.02475003,,,,
Ct4JrS0PylN,"['chin', 'font', 'poster', 'illustration', 'art', 'hat', 'advertising', 'graphic', 'design', 'darkness', 'fictional', 'character']",Topic C,0.030714365,0.026663149,0.9426225,,,,
Ct1ywRUtqnH,"['sky', 'flash', 'photography', 'happy', 'gesture', 'poster', 'people', 'nature', 'entertainment', 'movie', 'font', 'fun']",Topic A,0.94296086,0.027552042,0.029487146,,,,
CtzN9BdRUd-,"['font', 'poster', 'gesture', 'world', 'happy', 'entertainment', 'movie', 'art', 'event', 'graphic']",Topic C,0.4339406,0.031917505,0.53414196,,,,
Ctw4doGvpeU,"['font', 'sky', 'automotive', 'lighting', 'poster', 'bumper', 'art', 'movie', 'advertising', 'fictional', 'character', 'automotive', 'exterior']",Topic C,0.025578395,0.4828719,0.49154973,,,,
Ctwv4B4PSCl,"['glass', 'art', 'font', 'cool', 'poster', 'artist', 'eyewear', 'advertising', 'graphic', 'design']",Topic A,0.9210669,0.03481652,0.044116635,,,,
CtwmRVJRDpm,"['smile', 'outerwear', 'font', 'poster', 'red', 'jacket', 'event', 'happy', 'entertainment']",Topic A,0.92661387,0.035370342,0.038015842,,,,
CtkDb6Bv_xG,"['blue', 'font', 'technology', 'electric', 'blue', 'advertising', 'display', 'device', 'event', 'poster', 'entertainment', 'graphic', 'design']",Topic C,0.028910315,0.1967336,0.7743561,,,,
Cth3QgLvyuP,"['sky', 'plant', 'hat', 'cap', 'fedora', 'mammal', 'headgear', 'tree', 'sun', 'hat', 'cloud']",Topic B,0.030984377,0.59272856,0.37628704,,,,
CthukrThhmB,"['flash', 'photography', 'gesture', 'entertainment', 'garment', 'fashion', 'design', 'thigh', 'performing', 'art', 'waist', 'formal', 'wear', 'gown']",Topic A,0.75626314,0.2206305,0.023106363,,,,
CthMRXrRLUa,"['jean', 'trouser', 'smile', 'snow', 'photograph', 'white', 'people', 'nature', 'leg', 'human', 'tree']",Topic A,0.693102,0.032499097,0.27439892,,,,
Ctg-hxNrJvM,"['poster', 'font', 'darkness', 'toy', 'art', 'fictional', 'character', 'event', 'action', 'film', 'sculpture', 'advertising']",Topic C,0.027160285,0.02646055,0.9463792,,,,
CtfC6HHBV7n,"['plant', 'people', 'nature', 'natural', 'landscape', 'happy', 'terrestrial', 'plant', 'grass', 'font', 'adaptation', 'poster', 'grassland']",Topic A,0.64685446,0.32706413,0.026081396,,,,
Cte46QOBOsU,"['suit', 'trouser', 'coat', 'suit', 'chair', 'blazer', 'formal', 'wear', 'tie', 'flooring', 'event', 'fashion', 'design']",Topic A,0.9512134,0.024641016,0.024145566,,,,
Ctb7x7rPZjF,"['cartoon', 'poster', 'happy', 'font', 'art', 'advertising', 'event', 'animated', 'cartoon', 'fictional', 'character', 'fiction']",Topic C,0.03229427,0.02663565,0.9410701,,,,
CtajBq5r-TC,"['hand', 'sleeve', 'smile', 'flash', 'photography', 'food', 'gesture', 'formal', 'wear', 'happy', 'event']",Topic A,0.9428508,0.028868146,0.02828099,,,,
CtZ5UuHvRzE,"['smile', 'garment', 'flash', 'photography', 'waist', 'dress', 'gesture', 'happy', 'thigh', 'day', 'dress', 'makeover']",Topic B,0.48573184,0.48839775,0.025870413,,,,
CtXbZAHPeLQ,"['hair', 'hairstyle', 'photograph', 'eyebrow', 'mouth', 'human', 'fashion', 'jaw', 'eyelash', 'flash', 'photography']",Topic A,0.9424284,0.029347213,0.028224386,,,,
CtUh_hihrUD,"['flash', 'photography', 'fashion', 'eyelash', 'happy', 'adaptation', 'people', 'font', 'event', 'jewellery', 'fashion', 'design']",Topic A,0.9461594,0.02697896,0.026861623,,,,
CtUUQqSBTJa,"['wheel', 'tire', 'motor', 'vehicle', 'material', 'property', 'font', 'snapshot', 'space', 'suit', 'advertising', 'automotive', 'tire']",Topic B,0.028163277,0.8431905,0.12864622,,,,
CtSPsS-BhLg,"['forehead', 'smile', 'outerwear', 'facial', 'expression', 'beard', 'jaw', 'happy', 'cool', 'facial', 'hair', 'font']",Topic A,0.9456921,0.027206501,0.027101401,,,,
CtPb30-AxR9,"['hairstyle', 'dress', 'shirt', 'human', 'fashion', 'sleeve', 'collar', 'fashion', 'design', 'blazer', 'formal', 'wear', 'worker']",Topic A,0.94926095,0.026510991,0.024228055,,,,
CtPDzm7x3VD,"['musical', 'instrument', 'guitar', 'guitar', 'accessory', 'musician', 'mammal', 'string', 'instrument', 'leisure', 'fawn', 'grass', 'plant']",Topic B,0.027159497,0.94895965,0.023880849,,,,
CtMznRrhb2H,"['flash', 'photography', 'automotive', 'design', 'smile', 'engineering', 'fictional', 'character', 'game', 'machine', 'game', 'auto', 'part', 'pc', 'game']",Topic B,0.028617023,0.55994105,0.41144198,,,,
CtMjA-TPgNx,"['purple', 'entertainment', 'poster', 'flash', 'photography', 'font', 'electric', 'blue', 'event', 'fictional', 'character', 'graphic', 'cg', 'artwork']",Topic C,0.20101912,0.023312973,0.7756679,,,,
CtMYuR6tNOi,"['beard', 'font', 'music', 'poster', 'hat', 'tie', 'entertainment', 'flash', 'photography', 'art', 'action', 'film']",Topic A,0.5232268,0.027692307,0.44908088,,,,
CtH4hx-SEXV,"['glass', 'eyebrow', 'photograph', 'eye', 'facial', 'expression', 'vision', 'care', 'jheri', 'curl', 'fashion', 'eyelash', 'flash', 'photography']",Topic A,0.9528518,0.024798568,0.02234969,,,,
CtH3wiDy3a5,"['outerwear', 'smile', 'world', 'plant', 'freezing', 'happy', 'tree', 'adaptation', 'art', 'font']",Topic A,0.58915144,0.047900643,0.36294794,,,,
CtAbH4gB9AN,"['world', 'building', 'light', 'window', 'urban', 'design', 'art', 'neighbourhood', 'public', 'space', 'facade', 'leisure']",Topic B,0.02813611,0.93354625,0.038317636,,,,
Cs_nz6rBpSg,"['poster', 'font', 'hat', 'advertising', 'publication', 'photo', 'caption', 'event', 'musical', 'instrument', 'logo']",Topic A,0.6835637,0.028946543,0.28748974,,,,
Cs6yHflvMSj,"['plant', 'happy', 'natural', 'food', 'headpiece', 'jewellery', 'smile', 'fruit', 'event', 'peach', 'fashion', 'design']",Topic A,0.94639534,0.027456196,0.026148453,,,,
Cs6g7GrJEnf,"['paint', 'graffiti', 'world', 'art', 'painting', 'font', 'drawing', 'mural', 'illustration', 'fictional', 'character']",Topic C,0.028415566,0.028549619,0.9430348,,,,
Cs49wRUBoZd,"['anemone', 'fish', 'water', 'organism', 'cartoon', 'clownfish', 'fish', 'art', 'marine', 'biology', 'terrestrial', 'plant', 'fin']",Topic A,0.60193217,0.37054744,0.0275204,,,,
Csy8zwvvYs4,"['smile', 'gesture', 'sharing', 'happy', 'baseball', 'cap', 'cap', 'recreation', 'fun', 'event']",Topic A,0.9353094,0.033074964,0.031615626,,,,
CswKU2Ds5vT,"['toy', 'iron', 'man', 'avenger', 'shield', 'action', 'film', 'carmine', 'fictional', 'character', 'action', 'figure', 'metal', 'armour']",Topic C,0.022493688,0.2537683,0.723738,,,,
CstzOYnhhgL,"['cloud', 'sky', 'people', 'nature', 'nature', 'happy', 'poster', 'morning', 'landscape', 'mountain', 'font']",Topic A,0.5580468,0.31393555,0.12801756,,,,
CsrD1frhNKk,"['poster', 'font', 'movie', 'fictional', 'character', 'event', 'entertainment', 'graphic', 'advertising', 'fiction', 'illustration']",Topic C,0.030140933,0.02793396,0.94192505,,,,
Cso3WQ1BCJP,"['poster', 'font', 'electric', 'blue', 'event', 'graphic', 'advertising', 'entertainment', 'darkness', 'fictional', 'character', 'graphic', 'design']",Topic C,0.026799483,0.024488468,0.94871205,,,,
CsopvNaPQNa,"['hat', 'fashion', 'window', 'fedora', 'people', 'art', 'font', 'sun', 'hat', 'event', 'room']",Topic C,0.35576648,0.030334592,0.61389893,,,,
Csj4Jt2yOcZ,"['glass', 'vision', 'care', 'eyewear', 'neck', 'sleeve', 'waist', 'gesture', 'collar', 'fashion', 'design', 'black', 'hair']",Topic B,0.028054785,0.9477868,0.024158403,,,,
Csg0imTRWEZ,"['eye', 'eyelash', 'art', 'poster', 'font', 'illustration', 'design', 'advertising', 'drawing', 'ink']",Topic C,0.47986922,0.032898292,0.4872325,,,,
CsedXBdpbs-,"['clothing', 'sport', 'uniform', 'facial', 'expression', 'sport', 'jersey', 'jersey', 'product', 'sleeve', 'gesture', 'player', 'red']",Topic A,0.9481688,0.027649976,0.024181215,,,,
CsePywSRWmq,"['outerwear', 'photograph', 'eyelash', 'fashion', 'sleeve', 'makeover', 'flash', 'photography', 'smile', 'layered', 'hair', 'electric', 'blue']",Topic A,0.9495109,0.02538654,0.025102632,,,,
CscbDfYvxd8,"['forehead', 'head', 'chin', 'eyebrow', 'photograph', 'smile', 'flash', 'photography', 'jaw', 'happy', 'black', 'hair']",Topic A,0.8719036,0.10183781,0.02625859,,,,
Csb69YRvYkg,"['sky', 'world', 'poster', 'art', 'people', 'nature', 'pole', 'font', 'astronomical', 'object', 'slope', 'illustration']",Topic A,0.7118331,0.028147357,0.2600195,,,,
CsZalGHvMTi,"['photograph', 'light', 'lighting', 'orange', 'red', 'line', 'font', 'art', 'heat', 'snapshot']",Topic C,0.4696948,0.038470313,0.49183494,,,,
CsZTwkXtePy,"['forehead', 'glass', 'smile', 'chin', 'outerwear', 'hairstyle', 'photograph', 'facial', 'expression', 'human', 'vision', 'care']",Topic A,0.94618785,0.027880307,0.025931785,,,,
CsW1yq0Neoe,"['vertebrate', 'cartoon', 'smile', 'sky', 'mammal', 'happy', 'mythical', 'creature', 'grass', 'fun', 'event']",Topic B,0.30955178,0.6577415,0.032706734,,,,
CsWoH65x18J,"['poster', 'font', 'event', 'publication', 'art', 'advertising', 'graphic', 'graphic', 'design', 'illustration', 'book', 'cover']",Topic C,0.028247304,0.026373167,0.9453795,,,,
CsWalofRsFE,"['poster', 'cg', 'artwork', 'font', 'fictional', 'character', 'space', 'movie', 'dragon', 'illustration', 'game', 'action', 'film']",Topic C,0.024224034,0.024008548,0.95176744,,,,
CsUcnw3M6DV,"['hat', 'poster', 'publication', 'font', 'sun', 'hat', 'movie', 'advertising', 'private', 'investigator', 'fiction', 'gunfighter']",Topic C,0.027127447,0.026257435,0.9466151,,,,
CsR2NmRPrbE,"['publication', 'font', 'book', 'book', 'cover', 'event', 'graphic', 'brand', 'darkness', 'advertising', 'logo']",Topic C,0.26851878,0.02819647,0.70328474,,,,
CsRXl-qNy8N,"['motor', 'vehicle', 'vehicle', 'sky', 'automotive', 'tire', 'gas', 'engineering', 'workwear', 'aviation', 'automotive', 'exterior', 'naval', 'architecture']",Topic B,0.022337921,0.955249,0.022413025,,,,
CsRRTEfNERP,"['arthropod', 'poster', 'publication', 'art', 'cg', 'artwork', 'insect', 'illustration', 'book', 'cover', 'painting', 'fictional', 'character']",Topic C,0.024367947,0.0242033,0.9514288,,,,
CsJ_PYVshJb,"['fashion', 'orange', 'musical', 'instrument', 'hat', 'eyewear', 'happy', 'fun', 'fashion', 'design', 'event', 'jewellery']",Topic A,0.9452664,0.028231116,0.026502514,,,,
CsJiWv4OZ1B,"['purple', 'cartoon', 'cg', 'artwork', 'art', 'magenta', 'space', 'fictional', 'character', 'poster', 'electric', 'blue', 'graphic']",Topic C,0.02591951,0.024281926,0.9497986,,,,
CsFMbmivpCi,"['smile', 'skin', 'lip', 'hairstyle', 'facial', 'expression', 'eyelash', 'muscle', 'lipstick', 'happy', 'earring']",Topic A,0.9437026,0.028427945,0.027869482,,,,
CsEmigMMukD,"['face', 'purple', 'performing', 'art', 'entertainment', 'tie', 'fashion', 'design', 'happy', 'formal', 'wear', 'event', 'performance', 'art']",Topic A,0.9531415,0.023130473,0.023728041,,,,
CsB64wgRVSU,"['yellow', 'pink', 'font', 'sleeve', 'fictional', 'character', 'art', 'magenta', 'toy', 'animation', 'doll']",Topic C,0.03155294,0.029535152,0.9389119,,,,
Cr-_AHArH-7,"['smile', 'trouser', 'product', 'human', 'coat', 'social', 'group', 'blazer', 'people', 'flooring', 'formal', 'wear']",Topic A,0.9478588,0.025986534,0.026154598,,,,
Cr9F1TtPVtV,"['face', 'hair', 'joint', 'smile', 'outerwear', 'hairstyle', 'shoulder', 'photograph', 'arm', 'facial', 'expression']",Topic A,0.9433102,0.028845849,0.027843965,,,,
Cr8qYO-vBay,"['orange', 'font', 'art', 'poster', 'happy', 'people', 'nature', 'illustration', 'graphic', 'painting', 'graphic', 'design']",Topic C,0.39151382,0.027027342,0.58145887,,,,
Cr6u3oBPDkO,"['poster', 'action', 'film', 'fictional', 'character', 'boba', 'fett', 'toy', 'advertising', 'font', 'fiction', 'darkness', 'hero']",Topic C,0.024381181,0.024028324,0.9515905,,,,
Cr6Sfy5PuNa,"['videographer', 'entertainment', 'television', 'crew', 'camera', 'video', 'camera', 'cinematographer', 'musician', 'hat', 'film', 'crew', 'fun']",Topic B,0.03326822,0.831322,0.13540974,,,,
Cr31YPIvOSM,"['green', 'font', 'poster', 'happy', 'signage', 'illustration', 'logo', 'grass', 'bottle', 'advertising']",Topic A,0.7879354,0.033642415,0.17842227,,,,
Cr3npPeP1nJ,"['forehead', 'nose', 'hair', 'cheek', 'lip', 'hairstyle', 'eyebrow', 'shoulder', 'eyelash', 'neck']",Topic A,0.6011311,0.36845744,0.030411506,,,,
Cr3hWtRt1rR,"['flash', 'photography', 'happy', 'poster', 'gesture', 'font', 'people', 'nature', 'advertising', 'photo', 'caption', 'landscape', 'heat']",Topic A,0.9445026,0.027211955,0.028285444,,,,
Cr1eUSCvaOE,"['product', 'font', 'publication', 'screenshot', 'darkness', 'graphic', 'design', 'advertising', 'collection', 'graphic', 'symbol']",Topic C,0.39127257,0.028835671,0.57989174,,,,
Cr1QlmFJzhR,"['world', 'coat', 'flash', 'photography', 'font', 'suit', 'astronomical', 'object', 'space', 'science', 'art', 'snapshot']",Topic A,0.8303752,0.027783578,0.14184122,,,,
CrzHrBeBDQz,"['tire', 'wheel', 'car', 'land', 'vehicle', 'vehicle', 'cloud', 'sky', 'hood', 'motor', 'vehicle', 'automotive', 'lighting']",Topic B,0.024104718,0.9519267,0.023968617,,,,
Cry5hvQP7cZ,"['organism', 'font', 'poster', 'art', 'plant', 'advertising', 'fictional', 'character', 'event', 'graphic', 'publication']",Topic C,0.03243496,0.1063466,0.86121845,,,,
CryYIqWxGlR,"['poster', 'hat', 'font', 'publication', 'advertising', 'photo', 'caption', 'suit', 'event', 'movie', 'tie']",Topic C,0.4444564,0.029038627,0.526505,,,,
CrvyadXBkGq,"['world', 'cartoon', 'font', 'poster', 'liquid', 'advertising', 'space', 'illustration', 'science', 'graphic']",Topic C,0.055497188,0.095910825,0.848592,,,,
Crt9qbXPG0h,"['hair', 'head', 'eye', 'flash', 'photography', 'lighting', 'candle', 'flame', 'font', 'wax', 'fire']",Topic A,0.94038886,0.030854018,0.028757146,,,,
Crtv7TvBVZg,"['light', 'world', 'organism', 'art', 'space', 'entertainment', 'font', 'circle', 'fictional', 'character', 'astronomical', 'object']",Topic C,0.02847104,0.027586613,0.94394237,,,,
Crs5AC1tSk6,"['smile', 'hat', 'sleeve', 'happy', 'orange', 'headgear', 'font', 'fun', 'youth', 'magenta']",Topic A,0.9254067,0.040811516,0.03378178,,,,
CrrY3fiPwvk,"['smile', 'chin', 'outerwear', 'hairstyle', 'photograph', 'facial', 'expression', 'muscle', 'fashion', 'flash', 'photography', 'happy']",Topic A,0.94791824,0.026233368,0.025848407,,,,
Crq2jByB3cs,"['cartoon', 'poster', 'font', 'cg', 'artwork', 'fictional', 'character', 'action', 'film', 'personal', 'protective', 'equipment', 'movie', 'art', 'carmine']",Topic C,0.021623185,0.23734953,0.7410273,,,,
CroRwlzv72h,"['black', 'art', 'comfort', 'automotive', 'exterior', 'automotive', 'design', 'sculpture', 'fictional', 'character', 'automotive', 'tire', 'sitting', 'bumper']",Topic B,0.02297204,0.80755633,0.16947159,,,,
Crl86VLP_4c,"['hood', 'automotive', 'lighting', 'motor', 'vehicle', 'organism', 'automotive', 'design', 'aqua', 'font', 'vehicle', 'door', 'electric', 'blue', 'automotive', 'exterior']",Topic B,0.021216875,0.95584625,0.022936925,,,,
CrjqjeqrP4I,"['light', 'performing', 'art', 'entertainment', 'electricity', 'gas', 'electric', 'blue', 'event', 'visual', 'effect', 'lighting', 'magenta', 'performance', 'art']",Topic C,0.22868243,0.024308035,0.7470096,,,,
CrjO_yePJi4,"['sky', 'jacket', 'plant', 'leather', 'jacket', 'grass', 'beard', 'grassland', 'landscape', 'recreation', 'military', 'uniform']",Topic B,0.026757058,0.94694465,0.026298292,,,,
Cri6bLfh1sB,"['font', 'rectangle', 'fictional', 'character', 'electric', 'blue', 'logo', 'animated', 'cartoon', 'graphic', 'design', 'graphic', 'paper', 'product', 'happy']",Topic C,0.4448574,0.021649575,0.53349304,,,,
CriznQMLwZr,"['poster', 'font', 'electric', 'blue', 'space', 'art', 'astronomical', 'object', 'science', 'graphic', 'fictional', 'character', 'event']",Topic C,0.038970962,0.024295866,0.9367332,,,,
Crg9W1Hh-gm,"['flash', 'photography', 'fictional', 'character', 'toy', 'electric', 'blue', 'font', 'action', 'film', 'personal', 'protective', 'equipment', 'cloud']",Topic C,0.026002094,0.40946668,0.5645312,,,,
CrgOwvEBK4M,"['vertebrate', 'organism', 'technology', 'snapshot', 'animated', 'cartoon', 'font', 'fictional', 'character', 'game', 'event', 'animation']",Topic C,0.02722876,0.029618945,0.9431523,,,,
CrfE3bOr4Zo,"['helmet', 'motor', 'vehicle', 'automotive', 'design', 'darth', 'vader', 'personal', 'protective', 'equipment', 'art', 'fictional', 'character', 'sport', 'gear', 'electric', 'blue', 'machine']",Topic B,0.018468067,0.79146,0.19007201,,,,
CrbZxaxPYAF,"['toy', 'poster', 'technology', 'space', 'fictional', 'character', 'font', 'machine', 'action', 'figure', 'lego', 'illustration']",Topic C,0.026128637,0.026149558,0.94772184,,,,
CrbHNWgr9cD,"['smile', 'tie', 'coat', 'microphone', 'dress', 'shirt', 'suit', 'spokesperson', 'blazer', 'television', 'presenter', 'event']",Topic A,0.59898,0.37498924,0.026030745,,,,
Cra3b15tAxS,"['smile', 'entertainment', 'hat', 'music', 'interaction', 'leisure', 'music', 'artist', 'baseball', 'cap', 'fun', 'performing', 'art']",Topic A,0.95031214,0.02464401,0.025043791,,,,
CrZJpNXPyYE,"['eye', 'eyelash', 'red', 'automotive', 'lighting', 'art', 'tint', 'shade', 'darkness', 'fictional', 'character', 'heat', 'plant']",Topic B,0.030954363,0.5972675,0.3717781,,,,
CrYuJ5FvG-z,"['cloud', 'ecoregion', 'plant', 'sky', 'gesture', 'art', 'cartoon', 'painting', 'grass', 'happy']",Topic B,0.03697612,0.9240394,0.038984466,,,,
CrWd5w2vUVs,"['plant', 'photograph', 'ecoregion', 'facial', 'expression', 'vertebrate', 'nature', 'green', 'natural', 'environment', 'natural', 'landscape', 'organism']",Topic A,0.6180521,0.35751283,0.024435002,,,,
CrWQLnnhv7F,"['plant', 'plant', 'community', 'vertebrate', 'branch', 'organism', 'terrestrial', 'plant', 'twig', 'vegetation', 'tree', 'wood']",Topic B,0.027390966,0.94610775,0.026501313,,,,
CrTnyjXvPjy,"['forehead', 'nose', 'glass', 'lip', 'hand', 'eyebrow', 'vision', 'care', 'facial', 'expression', 'eyelash', 'mouth']",Topic A,0.9452663,0.028958162,0.025775515,,,,
CrRte2EPfSi,"['hair', 'smile', 'face', 'skin', 'head', 'sleeve', 'happy', 'fashion', 'design', 'blazer', 'formal', 'wear']",Topic A,0.94717914,0.026862705,0.025958123,,,,
CrRlg9QhNf5,"['face', 'outerwear', 'hairstyle', 'coat', 'dress', 'shirt', 'flash', 'photography', 'sleeve', 'standing', 'gesture', 'style']",Topic A,0.94646,0.027688567,0.025851417,,,,
CrRNeQYvov5,"['font', 'heat', 'poster', 'entertainment', 'event', 'graphic', 'performing', 'art', 'fire', 'art', 'logo']",Topic A,0.93185866,0.028773071,0.039368276,,,,
CrQ8bkhL85y,"['poster', 'cool', 'font', 'advertising', 'action', 'film', 'fictional', 'character', 'electric', 'blue', 'graphic', 'design', 'beard', 'photo', 'caption']",Topic C,0.02364192,0.022496244,0.95386183,,,,
CrQ46EALMxZ,"['publication', 'font', 'advertising', 'space', 'poster', 'event', 'fictional', 'character', 'signage', 'carmine']",Topic C,0.034923103,0.031055741,0.9340212,,,,
CrOUHsOrfB_,"['boba', 'fett', 'sleeve', 'cartoon', 'poster', 'art', 'illustration', 'fictional', 'character', 'armour', 'justice', 'league', 'action', 'figure']",Topic C,0.023373835,0.023003114,0.95362306,,,,
CrMkFfuPlFY,"['rectangle', 'font', 'electric', 'blue', 'technology', 'logo', 'advertising', 'graphic', 'brand', 'display', 'device', 'screenshot']",Topic A,0.49990714,0.14698032,0.35311255,,,,
CrLvWx3hlcc,"['world', 'poster', 'font', 'cloud', 'publication', 'sky', 'advertising', 'movie', 'building', 'book', 'cover']",Topic C,0.03175783,0.052766252,0.9154759,,,,
CrJEOJFr2KI,"['toy', 'poster', 'armour', 'breastplate', 'action', 'film', 'machine', 'font', 'fictional', 'character', 'action', 'figure', 'cuirass']",Topic C,0.024171036,0.0242617,0.9515673,,,,
CrEHv9_hfoh,"['atmosphere', 'font', 'natural', 'landscape', 'horizon', 'landscape', 'mountain', 'sky', 'slope', 'electric', 'blue', 'screenshot']",Topic B,0.031345222,0.93173534,0.03691944,,,,
Cq_HA5RBAJu,"['poster', 'fictional', 'character', 'art', 'book', 'cover', 'advertising', 'font', 'action', 'film', 'graphic', 'design', 'hero', 'movie']",Topic C,0.0234131,0.022814194,0.95377266,,,,
Cq9CXwBBCix,"['smile', 'skin', 'hairstyle', 'garment', 'dress', 'flash', 'photography', 'gesture', 'happy', 'fashion', 'design', 'makeover']",Topic A,0.9463642,0.027673895,0.025961816,,,,
Cq8ZgpohPAy,"['fun', 'recreation', 'toy', 'leisure', 'game', 'event', 'animation', 'animated', 'cartoon', 'room', 'fur']",Topic C,0.3942263,0.03345815,0.5723156,,,,
Cq8W1jPvCOl,"['world', 'astronomical', 'object', 'font', 'sky', 'space', 'poster', 'science', 'astronaut', 'slope', 'snow']",Topic A,0.7705396,0.033044394,0.19641605,,,,
Cq8Lw1ErmpL,"['clothing', 'outerwear', 'photograph', 'muscle', 'human', 'sleeve', 'community', 'font', 'wood', 'snapshot']",Topic A,0.93543386,0.032641895,0.03192427,,,,
Cq7LXkJOOUL,"['vision', 'care', 'dress', 'shirt', 'smile', 'collar', 'eyewear', 'tie', 'blazer', 'automotive', 'design', 'door', 'engineering']",Topic B,0.03326145,0.94266045,0.024078092,,,,
Cq6QQntPRu6,"['face', 'hair', 'head', 'lip', 'chin', 'outerwear', 'hairstyle', 'eyebrow', 'photograph', 'facial', 'expression']",Topic A,0.9437005,0.028414873,0.027884627,,,,
Cq50oQZvL2c,"['vehicle', 'car', 'automotive', 'design', 'automotive', 'lighting', 'motor', 'vehicle', 'art', 'font', 'automotive', 'tire', 'automotive', 'exterior', 'recreation']",Topic B,0.022103487,0.95538193,0.022514587,,,,
Cq5m1m1PRvn,"['microphone', 'poster', 'font', 'flash', 'photography', 'performing', 'art', 'publication', 'music', 'darkness', 'event', 'entertainment']",Topic A,0.80874085,0.026409648,0.16484949,,,,
Cq33nc2haaT,"['hair', 'head', 'muscle', 'human', 'flash', 'photography', 'coat', 'sleeve', 'standing', 'gesture', 'style']",Topic A,0.9422807,0.02946662,0.028252626,,,,
Cq3lIKtSeWh,"['hairstyle', 'facial', 'expression', 'cartoon', 'smile', 'happy', 'gesture', 'people', 'nature', 'finger', 'cool', 'art']",Topic A,0.94333357,0.027096016,0.029570445,,,,
Cq3Wwlevl2t,"['clothing', 'smile', 'hair', 'head', 'photograph', 'facial', 'expression', 'sleeve', 'happy', 'gesture', 'style']",Topic A,0.9431895,0.028850168,0.027960295,,,,
Cq25RTULNai,"['font', 'red', 'entertainment', 'art', 'poster', 'sleeve', 'fictional', 'character', 'graphic', 'illustration', 'event']",Topic C,0.034233946,0.028999696,0.9367664,,,,
Cq2pCkfLDJb,"['lighting', 'font', 'musical', 'instrument', 'red', 'entertainment', 'musical', 'instrument', 'accessory', 'music', 'event', 'stage', 'performing', 'art']",Topic A,0.9507605,0.02546923,0.023770273,,,,
CqyIxXMhiZg,"['smile', 'microphone', 'purple', 'flash', 'photography', 'music', 'artist', 'entertainment', 'performing', 'art', 'music', 'artist', 'necklace']",Topic A,0.9510122,0.024371095,0.02461666,,,,
CqvpeRLhE9S,"['green', 'entertainment', 'dress', 'musician', 'performing', 'art', 'music', 'music', 'artist', 'suit', 'performance', 'art', 'event']",Topic A,0.949859,0.02493602,0.025204994,,,,
CqvoiuKhYaA,"['musical', 'instrument', 'musical', 'instrument', 'accessory', 'musician', 'entertainment', 'music', 'chair', 'performing', 'art', 'stage', 'font', 'event']",Topic A,0.95205885,0.024477163,0.023464002,,,,
CqveZEWBZL8,"['suit', 'trouser', 'smile', 'trouser', 'fashion', 'design', 'pantsuit', 'automotive', 'design', 'blazer', 'suit', 'flooring', 'event']",Topic A,0.8570405,0.11861607,0.024343433,,,,
Cqu-kPqs-Vn,"['blue', 'dress', 'performing', 'art', 'entertainment', 'suit', 'font', 'electric', 'blue', 'music', 'artist', 'display', 'device', 'performance', 'art']",Topic A,0.93440366,0.04127406,0.024322322,,,,
Cqu8G0vsdYe,"['eye', 'eyebrow', 'eyelash', 'art', 'poster', 'makeover', 'publication', 'eye', 'liner', 'electric', 'blue']",Topic A,0.93168324,0.03006142,0.038255315,,,,
Cqu7drKsW9X,"['lighting', 'entertainment', 'music', 'building', 'performing', 'art', 'font', 'stage', 'equipment', 'event', 'suit', 'musical', 'instrument', 'accessory']",Topic A,0.87213343,0.10313311,0.024733502,,,,
Cqu3GOrMDne,"['font', 'electric', 'blue', 'darkness', 'midnight', 'signage', 'brand', 'graphic', 'pattern', 'logo', 'graphic', 'design']",Topic A,0.73019254,0.026850149,0.24295731,,,,
CqtssxkPC6T,"['forehead', 'hairstyle', 'photograph', 'human', 'fashion', 'flash', 'photography', 'cool', 'community', 'black', 'hair']",Topic A,0.8306588,0.14072108,0.02862013,,,,
CqtE52hPZzX,"['smile', 'poster', 'art', 'publication', 'advertising', 'font', 'flash', 'photography', 'event', 'illustration', 'fashion', 'design']",Topic A,0.62910473,0.027144209,0.34375104,,,,
CqrOy-HvR1t,"['sleeve', 'font', 'poster', 'grass', 'book', 'cover', 'advertising', 'publication', 'illustration', 'graphic', 'design', 'tree']",Topic C,0.03003625,0.12953202,0.84043175,,,,
CqqiosGB_2l,"['poster', 'font', 'event', 'advertising', 'movie', 'graphic', 'design', 'entertainment', 'graphic', 'photo', 'caption', 'fiction']",Topic C,0.029562568,0.0262246,0.9442128,,,,
CqqYj-nhjxY,"['basketball', 'muscle', 'product', 'human', 'ball', 'basketball', 'eyelash', 'people', 'fashion', 'design', 'sportswear']",Topic A,0.94290704,0.028678559,0.028414425,,,,
Cqnl452Jwvy,"['entertainment', 'event', 'performing', 'art', 'fictional', 'character', 'hat', 'publication', 'font', 'poster', 'advertising', 'animated', 'cartoon']",Topic C,0.1017468,0.02431116,0.873942,,,,
Cql-SU0vm1C,"['cartoon', 'fictional', 'character', 'chest', 'animation', 'screenshot', 'art', 'fiction', 'action', 'figure', 'metal']",Topic C,0.028283598,0.028357536,0.94335884,,,,
Cqlwkv7B1HC,"['smile', 'photograph', 'facial', 'expression', 'people', 'nature', 'people', 'beach', 'happy', 'flash', 'photography', 'leisure', 'cool', 'fun']",Topic A,0.95433855,0.023152577,0.022508875,,,,
CqlAvQ1LoDl,"['poster', 'font', 'fictional', 'character', 'illustration', 'art', 'cg', 'artwork', 'action', 'film', 'book', 'cover', 'advertising', 'movie']",Topic C,0.022843072,0.02244829,0.95470864,,,,
Cqi3I_xNhzK,"['head', 'product', 'font', 'sharing', 'electric', 'blue', 'advertising', 'event', 'brand', 'circle', 'job']",Topic A,0.9374466,0.028700583,0.03385285,,,,
CqiijW9hZ-I,"['eye', 'eyelash', 'art', 'poster', 'font', 'illustration', 'advertising', 'design', 'drawing', 'visual', 'art']",Topic C,0.33262172,0.030882774,0.63649553,,,,
CqgdZ9Xvwit,"['skyscraper', 'atmosphere', 'world', 'building', 'tower', 'cityscape', 'atmospheric', 'phenomenon', 'tower', 'block', 'dusk', 'city']",Topic C,0.025903767,0.026710924,0.9473853,,,,
CqeJEj4v6d1,"['hair', 'fashion', 'neck', 'organism', 'gesture', 'happy', 'cool', 'art', 'black', 'hair', 'sky']",Topic B,0.04256695,0.92827874,0.029154336,,,,
Cqdtkp7tAAu,"['flash', 'photography', 'gesture', 'smile', 'dress', 'happy', 'formal', 'wear', 'people', 'nature', 'event', 'romance', 'gown']",Topic A,0.95105815,0.024739608,0.024202244,,,,
CqbeCtxvD0n,"['flash', 'photography', 'sleeve', 'elbow', 'performing', 'art', 'entertainment', 'glove', 'event', 'automotive', 'tire', 'mechanic', 'artist']",Topic A,0.521344,0.4532857,0.025370277,,,,
CqbPsoTvwlj,"['glass', 'outerwear', 'goggles', 'facial', 'expression', 'sunglass', 'vision', 'care', 'vertebrate', 'product', 'human', 'fashion']",Topic A,0.5794833,0.39423195,0.026284784,,,,
CqYWRXcOKa2,"['poster', 'font', 'musical', 'instrument', 'advertising', 'fictional', 'character', 'event', 'graphic', 'art', 'graphic', 'design', 'illustration']",Topic C,0.2882695,0.025785,0.6859456,,,,
CqYPZ9VtSrm,"['astronaut', 'helmet', 'gesture', 'recreation', 'personal', 'protective', 'equipment', 'freezing', 'soldier', 'fun', 'military', 'person', 'winter']",Topic B,0.025265459,0.9507315,0.024003038,,,,
CqVrX5Shi33,"['brown', 'lip', 'jheri', 'curl', 'eyebrow', 'organ', 'flash', 'photography', 'happy', 'eyelash', 'ringlet', 'black', 'hair']",Topic A,0.8719512,0.10302208,0.025026731,,,,
CqVqvI9heT6,"['cg', 'artwork', 'font', 'automotive', 'tire', 'metal', 'fictional', 'character', 'poster', 'illustration', 'glass', 'video', 'game', 'software', 'game']",Topic C,0.021759376,0.21982098,0.7584197,,,,
CqTEFIOraTL,"['world', 'cartoon', 'space', 'poster', 'event', 'fictional', 'character', 'animated', 'cartoon', 'recreation', 'illustration', 'advertising']",Topic C,0.029067168,0.039178245,0.9317546,,,,
CqS_TnXrjFA,"['poster', 'gesture', 'font', 'advertising', 'graphic', 'design', 'entertainment', 'graphic', 'audio', 'equipment', 'illustration', 'publication']",Topic C,0.36524808,0.088473655,0.5462783,,,,
CqODH0IOXwP,"['lip', 'eyebrow', 'shoulder', 'sky', 'flash', 'photography', 'happy', 'cool', 'waist', 'thigh', 'black', 'hair']",Topic B,0.30995834,0.6639932,0.026048448,,,,
CqN1WVjtaWX,"['skin', 'head', 'hairstyle', 'smile', 'shoulder', 'wedding', 'dress', 'dress', 'human', 'fashion', 'bridal', 'clothing']",Topic A,0.9470299,0.027094448,0.025875641,,,,
CqL5ubShNGz,"['human', 'glove', 'flash', 'photography', 'mammal', 'gesture', 'headgear', 'toy', 'personal', 'protective', 'equipment', 'recreation', 'art']",Topic B,0.03346717,0.9385231,0.028009726,,,,
CqGuLBCB5nu,"['smile', 'plant', 'people', 'nature', 'happy', 'flowerpot', 'poster', 'terrestrial', 'plant', 'houseplant', 'adaptation', 'natural', 'food']",Topic A,0.94910574,0.02610317,0.0247911,,,,
CqESR5ihIZ6,"['gesture', 'jacket', 'eyewear', 'leisure', 'bookcase', 'event', 'conversation', 'worker', 'hat', 'baseball', 'cap']",Topic A,0.93975,0.031425945,0.02882407,,,,
CqA-SohP7BP,"['outerwear', 'sleeve', 'poster', 'collar', 'formal', 'wear', 'font', 'umbrella', 'sky', 'flash', 'photography', 'fictional', 'character']",Topic A,0.7377921,0.02713979,0.23506811,,,,
CqA3rN2LUKc,"['sleeve', 'font', 'poster', 'advertising', 'happy', 'movie', 'photo', 'caption', 'sky', 'graphic', 'design', 'surfer', 'hair']",Topic A,0.75656784,0.025989702,0.21744248,,,,
Cp4cRyduBMJ,"['clothing', 'smile', 'hairstyle', 'eyebrow', 'facial', 'expression', 'eyelash', 'fashion', 'happy', 'style', 'makeover']",Topic A,0.9436441,0.028503636,0.02785227,,,,
Cp08VL4BfvE,"['organism', 'art', 'font', 'poster', 'fictional', 'character', 'painting', 'illustration', 'visual', 'art', 'graphic', 'drawing']",Topic C,0.026637526,0.02723989,0.9461226,,,,
Cp0g3TMh0L1,"['flash', 'photography', 'automotive', 'tire', 'tie', 'automotive', 'design', 'blazer', 'movie', 'formal', 'wear', 'advertising', 'font', 'rim']",Topic A,0.58075446,0.3932177,0.026027853,,,,
Cp0WXE9B2Rt,"['smile', 'plant', 'flowerpot', 'community', 'flower', 'event', 'formal', 'wear', 'flower', 'arranging', 'jewellery', 'fashion', 'design']",Topic A,0.95051306,0.02530456,0.02418242,,,,
CpyJ0z9hAp1,"['face', 'forehead', 'hair', 'brown', 'head', 'chin', 'eyebrow', 'hairstyle', 'photograph', 'facial', 'expression']",Topic A,0.9438348,0.028252156,0.02791307,,,,
Cpt6HD7usQg,"['smile', 'trouser', 'wedding', 'dress', 'tie', 'dress', 'happy', 'bridal', 'clothing', 'gesture', 'bride', 'style']",Topic A,0.9472801,0.026970454,0.025749428,,,,
Cpttlo5vWlQ,"['human', 'poster', 'font', 'action', 'film', 'fictional', 'character', 'armour', 'action', 'figure', 'book', 'cover', 'advertising', 'movie']",Topic C,0.023081047,0.022431884,0.9544871,,,,
CpqbetdNcI3,"['gesture', 'happy', 'pink', 'cartoon', 'magenta', 'font', 'art', 'animated', 'cartoon', 'petal', 'fictional', 'character']",Topic C,0.19142485,0.028401196,0.78017396,,,,
Cpn3fSDPX4U,"['human', 'makeover', 'earring', 'fashion', 'design', 'electric', 'blue', 'event', 'jewellery', 'eyelash', 'necklace', 'flash', 'photography']",Topic A,0.9492618,0.025092645,0.025645543,,,,
Cpk84mihk6y,"['smile', 'sleeve', 'gesture', 'flash', 'photography', 'blazer', 'facial', 'hair', 'eyewear', 'event', 'fun', 'entertainment']",Topic A,0.9455408,0.028219372,0.026239803,,,,
CpimK7FvPYQ,"['purple', 'font', 'violet', 'magenta', 'art', 'symmetry', 'pattern', 'electric', 'blue', 'arthropod', 'grass']",Topic A,0.92978007,0.031675328,0.038544666,,,,
Cph9jD4ME-2,"['poster', 'font', 'red', 'entertainment', 'movie', 'event', 'electric', 'blue', 'music', 'advertising', 'graphic']",Topic C,0.30884618,0.0282117,0.6629422,,,,
CpgRs4ThZJl,"['smile', 'trouser', 'outerwear', 'sleeve', 'blazer', 'beauty', 'event', 'fashion', 'design', 'team', 'formal', 'wear']",Topic A,0.9473398,0.026507983,0.026152257,,,,
CpftWV3JFIw,"['flash', 'photography', 'cool', 'poster', 'publication', 'font', 'electric', 'blue', 'advertising', 'beard', 'art']",Topic C,0.35433394,0.03092222,0.6147438,,,,
CpdBevVJNox,"['poster', 'cartoon', 'cuirass', 'breastplate', 'action', 'film', 'font', 'fictional', 'character', 'armour', 'graphic', 'graphic', 'design']",Topic C,0.024842571,0.02451546,0.950642,,,,
Cpa3wFoOfqU,"['shooter', 'game', 'cg', 'artwork', 'art', 'fictional', 'character', 'video', 'game', 'software', 'game', 'illustration', 'game', 'whisker', 'machine']",Topic C,0.020985937,0.02125648,0.9577576,,,,
CpVoYnnhG34,"['glass', 'smile', 'goggles', 'vision', 'care', 'sunglass', 'eyelash', 'eyewear', 'eye', 'glass', 'accessory', 'happy', 'wig']",Topic B,0.03613262,0.9398632,0.024004132,,,,
CpTDHJMt5_s,"['cloud', 'daytime', 'sky', 'photograph', 'facial', 'expression', 'world', 'human', 'happy', 'flash', 'photography', 'font']",Topic A,0.9424741,0.028962256,0.028563576,,,,
CpQliyiBsAq,"['triceratops', 'font', 'art', 'snout', 'whisker', 'fictional', 'character', 'darkness', 'fashion', 'accessory', 'publication', 'graphic']",Topic C,0.14671016,0.03338749,0.81990236,,,,
CpQdv9qhYBD,"['entertainment', 'performing', 'art', 'font', 'neon', 'visual', 'effect', 'lighting', 'event', 'poster', 'music', 'artist', 'magenta', 'advertising']",Topic A,0.8948399,0.023606177,0.081553936,,,,
CpP7bKAvLqo,"['hair', 'face', 'head', 'hairstyle', 'smile', 'facial', 'expression', 'product', 'fashion', 'font', 'happy']",Topic A,0.9428918,0.028583629,0.028524624,,,,
CpPG3vKtOMw,"['smile', 'glass', 'shirt', 'purple', 'lighting', 'hat', 'vision', 'care', 'fan', 'eyewear', 'interaction']",Topic A,0.740082,0.23143409,0.028483879,,,,
CpO4DVVsgP_,"['photograph', 'white', 'organism', 'flash', 'photography', 'art', 'snapshot', 'electronic', 'device', 'font', 'automotive', 'tire', 'circle']",Topic B,0.19795498,0.7745128,0.027532205,,,,
CpObuTpBXQg,"['product', 'human', 'font', 'line', 'adaptation', 'screenshot', 'technology', 'door', 'photo', 'caption', 'electric', 'blue']",Topic C,0.034777075,0.027584773,0.93763816,,,,
CpNyEc2Mcwx,"['helmet', 'vertebrate', 'world', 'organism', 'sport', 'gear', 'recreation', 'personal', 'protective', 'equipment', 'publication', 'space', 'fictional', 'character']",Topic B,0.02300589,0.6623257,0.31466842,,,,
CpNs0izJdUG,"['human', 'world', 'happy', 'poster', 'action', 'film', 'cg', 'artwork', 'event', 'illustration', 'publication', 'photomontage']",Topic C,0.031850196,0.026490156,0.9416597,,,,
CpNXts0MJyk,"['smile', 'font', 'flash', 'photography', 'happy', 'photo', 'caption', 'event', 'eyewear', 'movie', 'advertising', 'conversation']",Topic A,0.9417258,0.027172511,0.031101698,,,,
CpMF8y5sQ3T,"['clothing', 'outerwear', 'photograph', 'facial', 'expression', 'smile', 'black', 'neck', 'sleeve', 'gesture', 'style']",Topic A,0.7587563,0.21310307,0.028140662,,,,
CpLzVnVPg_0,"['fashion', 'sleeve', 'waist', 'black', 'hair', 'pink', 'thigh', 'art', 'eyelash', 'strapless', 'dress', 'magenta']",Topic B,0.033873476,0.9366752,0.029451309,,,,
CpJD8trBsvx,"['chin', 'hairstyle', 'black', 'art', 'yellow', 'font', 'cool', 'poster', 'graphic', 'illustration']",Topic C,0.3842176,0.0620913,0.55369115,,,,
CpI2NymhGwF,"['microphone', 'concert', 'entertainment', 'performing', 'art', 'music', 'artist', 'gesture', 'musician', 'artist', 'audio', 'equipment', 'stage']",Topic A,0.9474615,0.028042965,0.024495559,,,,
CpIoj2ZN2Op,"['font', 'poster', 'circle', 'brand', 'logo', 'event', 'advertising', 'graphic', 'book', 'cover', 'history']",Topic C,0.4210723,0.028391406,0.5505363,,,,
CpGfJtaBMp2,"['hair', 'hairstyle', 'arm', 'smile', 'hat', 'plant', 'happy', 'fun', 'thigh', 'electric', 'blue']",Topic A,0.7883557,0.1814984,0.030145938,,,,
CpEQSjwNGAA,"['shooter', 'game', 'soldier', 'armour', 'cg', 'artwork', 'military', 'person', 'personal', 'protective', 'equipment', 'action', 'film', 'screenshot', 'fictional', 'character', 'event']",Topic C,0.019126296,0.37171268,0.609161,,,,
CpECfqtBjt-,"['face', 'head', 'lip', 'chin', 'eyebrow', 'eye', 'eyelash', 'fashion', 'earring', 'lipstick']",Topic A,0.93809617,0.031456303,0.030447531,,,,
CpDYoGAhOWT,"['face', 'facial', 'expression', 'leg', 'purple', 'fashion', 'flash', 'photography', 'happy', 'pink', 'violet', 'red']",Topic A,0.94711715,0.026454464,0.026428392,,,,
CpBViXavoSO,"['wheel', 'cartoon', 'motor', 'vehicle', 'art', 'vehicle', 'tire', 'font', 'magenta', 'poster', 'illustration']",Topic B,0.02943979,0.52459025,0.44596997,,,,
CpBHz_tvPEz,"['light', 'hood', 'automotive', 'lighting', 'automotive', 'design', 'flash', 'photography', 'font', 'motor', 'vehicle', 'personal', 'luxury', 'car', 'automotive', 'tire', 'automotive', 'exterior']",Topic B,0.018888013,0.9625439,0.018568087,,,,
