Post_id,Labels,Dominant Topic,Topic 1,Topic 2,Topic C,,,,,
CyD4BLvRppW,"['forehead', 'nose', 'chin', 'eyebrow', 'jaw', 'beard', 'eyelash', 'happy', 'facial', 'hair', 'font']",Topic C,0.03563837,0.029037088,0.93532455,,,,,
CyCN8YSSBIj,"['water', 'sky', 'cloud', 'short', 'body', 'water', 'fun', 'thigh', 'leisure', 'beach', 'knee']",Topic B,0.028440075,0.94320494,0.02835493,,,,,
CyBotnouUZp,"['water', 'gesture', 'happy', 'sky', 'font', 'poster', 'art', 'leisure', 'fashion', 'design', 'people', 'nature']",Topic B,0.026885068,0.9442593,0.028855653,,,,,
CyBQrMoPhP7,"['clothing', 'outerwear', 'shirt', 'photograph', 'product', 'gesture', 'community', 'engineering', 'eyewear']",Topic A,0.9297684,0.035573747,0.034657855,,,,,
Cx-3lcWPJOS,"['forehead', 'hair', 'face', 'lip', 'chin', 'eyebrow', 'hairstyle', 'shoulder', 'photograph', 'facial', 'expression']",Topic A,0.94031894,0.027948458,0.03173262,,,,,
Cx-mqHfusCv,"['sleeve', 'gesture', 'flash', 'photography', 'fashion', 'design', 'event', 'sharing', 'formal', 'wear', 'conversation', 'entertainment', 'jewellery']",Topic B,0.0253082,0.9470737,0.02761813,,,,,
Cx6Esx-p2wN,"['forehead', 'face', 'hair', 'head', 'lip', 'chin', 'hairstyle', 'eyebrow', 'eye', 'dress', 'shirt']",Topic A,0.75954986,0.028642237,0.2118079,,,,,
Cx4isslua13,"['glass', 'computer', 'vision', 'care', 'personal', 'computer', 'font', 'eyewear', 'output', 'device', 'gadget', 'electronic', 'device', 'display', 'device']",Topic B,0.2675062,0.7111473,0.021346511,,,,,
Cxx6xe9ILMH,"['black', 'publication', 'font', 'poster', 'advertising', 'book', 'cover', 'graphic', 'design', 'fiction', 'movie', 'darkness']",Topic C,0.026467519,0.026504224,0.9470283,,,,,
CxvmCilu6ni,"['lip', 'chin', 'eyebrow', 'hat', 'eye', 'flash', 'photography', 'sun', 'hat', 'headgear', 'fedora', 'eyelash']",Topic A,0.8717485,0.028514927,0.09973661,,,,,
Cxtd7_UPz5F,"['sport', 'uniform', 'jersey', 'american', 'football', 'sport', 'jersey', 'football', 'equipment', 'sport', 'gear', 'sport', 'equipment', 'player', 'super', 'bowl', 'sportswear']",Topic C,0.019002376,0.018882891,0.96211475,,,,,
CxtMpbIJed4,"['font', 'electric', 'blue', 'logo', 'graphic', 'brand', 'screenshot', 'display', 'device', 'horizon', 'darkness', 'multimedia']",Topic C,0.026160879,0.40281975,0.57101935,,,,,
CxsqTkRr9Rv,"['tableware', 'coat', 'font', 'sharing', 'hat', 'table', 'event', 'advertising', 'photo', 'caption', 'conversation']",Topic A,0.49505678,0.4622697,0.042673554,,,,,
CxqkstnvLu9,"['lip', 'shoulder', 'eyebrow', 'eyelash', 'flash', 'photography', 'neck', 'iris', 'wig', 'makeover', 'fashion', 'design']",Topic C,0.027419092,0.02688026,0.94570065,,,,,
Cxn8eVvR7_o,"['water', 'extinction', 'sky', 'cloud', 'boat', 'dinosaur', 'art', 'happy', 'fang', 'font']",Topic B,0.03117498,0.9366883,0.032136727,,,,,
CxlTBDnxPgR,"['forehead', 'nose', 'cheek', 'chin', 'eyebrow', 'mouth', 'eyelash', 'neck', 'jaw', 'ear']",Topic C,0.03290391,0.030403629,0.9366925,,,,,
Cxf_51gxws-,"['forehead', 'nose', 'face', 'hair', 'skin', 'chin', 'photograph', 'eyebrow', 'eye', 'mouth']",Topic A,0.93020576,0.030609524,0.03918473,,,,,
CxenT3lxnY0,"['smile', 'facial', 'expression', 'happy', 'gesture', 'adaptation', 'people', 'nature', 'sharing', 'friendship', 'event', 'font']",Topic B,0.25640416,0.71556145,0.028034355,,,,,
Cxfu84CxATJ,"['eyelash', 'earring', 'makeover', 'fashion', 'design', 'electric', 'blue', 'smile', 'jewellery', 'event', 'fashion', 'model', 'blond']",Topic C,0.025574507,0.027190369,0.9472351,,Average Association,,,Average association of the posts with each topic
CxdehXMRVhp,"['forehead', 'chin', 'hairstyle', 'facial', 'expression', 'human', 'fashion', 'flash', 'photography', 'smile', 'happy', 'beauty']",Topic A,0.9426709,0.028112926,0.029216181,,,,,
Cxdb_cYRYWU,"['purple', 'violet', 'sky', 'rectangle', 'font', 'magenta', 'electric', 'blue', 'pattern', 'graphic', 'brand']",Topic C,0.028155817,0.039389353,0.9324548,,Topic 1,Topic 2,Topic C,
CxbAJlUxJQ5,"['dog', 'dog', 'breed', 'carnivore', 'mammal', 'companion', 'dog', 'snout', 'working', 'animal', 'sporting', 'group', 'canidae', 'fur']",Topic A,0.9549781,0.022496298,0.022525614,,36%,29%,35%,
CxYwZnTRJ7P,"['hand', 'building', 'daytime', 'sky', 'window', 'gesture', 'tower', 'skyscraper', 'travel', 'tower', 'block']",Topic C,0.030027965,0.2483299,0.72164214,,,,,
CxV8SmHNHn0,"['smile', 'sleeve', 'tie', 'gesture', 'dress', 'shirt', 'happy', 'people', 'fun', 'event', 'thumb']",Topic B,0.031177232,0.9367486,0.03207413,,--> Faces of humans are part of almost all netflix posts,,,
CxVzwX1xeyq,"['glass', 'vision', 'care', 'sunglass', 'eyewear', 'sleeve', 'goggles', 'flash', 'photography', 'gesture', 'cool', 'fashion', 'design']",Topic A,0.9407147,0.029484794,0.029800441,,--> Topics differ based on the background or kind of photo,,,
CxS1YGTxXiF,"['nose', 'lip', 'smile', 'eyebrow', 'flash', 'photography', 'jaw', 'happy', 'gesture', 'eyelash', 'layered', 'hair']",Topic C,0.031263236,0.030851185,0.9378856,,--> Not so useful results from Topic Modeling,,,
CxRIbNKORrA,"['mouth', 'human', 'flash', 'photography', 'gesture', 'eyelash', 'snapshot', 'jewellery', 'event', 'thumb', 'electric', 'blue']",Topic B,0.03150514,0.5132717,0.4552232,,,,,
CxQ7Vh5R9JH,"['organ', 'glove', 'entertainment', 'headgear', 'smile', 'performing', 'art', 'art', 'event', 'comedy', 'scarf']",Topic B,0.031038947,0.94059217,0.028368931,,,,,
CxQsC3dNBGW,"['smile', 'photograph', 'water', 'hat', 'wood', 'sun', 'hat', 'flash', 'photography', 'travel', 'fedora', 'cool']",Topic A,0.9403942,0.032032177,0.027573615,,,,,
CxQccEovmOd,"['clothing', 'lip', 'outerwear', 'hairstyle', 'photograph', 'facial', 'expression', 'white', 'sun', 'hat', 'organ', 'human']",Topic A,0.9474012,0.026080849,0.026517928,,,,,
CxN6qnkNsjO,"['smile', 'photograph', 'human', 'fashion', 'gesture', 'yellow', 'happy', 'adaptation', 'event', 'tie']",Topic B,0.03785514,0.9303633,0.03178154,,,,,
CxLpjJBsbH3,"['water', 'temple', 'plant', 'headgear', 'umbrella', 'public', 'space', 'fun', 'tree', 'event', 'travel']",Topic B,0.385258,0.58071405,0.034027964,,,,,
CxLhwjMNhez,"['photograph', 'temple', 'sleeve', 'window', 'building', 'art', 'font', 'event', 'arch', 'holy', 'place']",Topic C,0.04142984,0.2062028,0.7523673,,,,,
CxI14HlN_k1,"['human', 'organism', 'font', 'happy', 'art', 'photo', 'caption', 'electric', 'blue', 'fictional', 'character', 'personal', 'protective', 'equipment', 'fur']",Topic A,0.89370495,0.024919491,0.081375554,,,,,
CxIuK2Qs9F_,"['motor', 'vehicle', 'car', 'human', 'vehicle', 'mode', 'transport', 'public', 'space', 'automotive', 'exterior', 'crowd', 'event', 'urban', 'area']",Topic A,0.95562726,0.023039171,0.02133359,,,,,
CxHai3bN0sK,"['outerwear', 'photograph', 'human', 'organ', 'fashion', 'hat', 'art', 'fun', 'cool', 'social', 'group']",Topic A,0.938981,0.032169577,0.028849464,,,,,
CxGXCpmrDjp,"['forehead', 'nose', 'cheek', 'lip', 'chin', 'hairstyle', 'eyebrow', 'eye', 'facial', 'expression', 'mouth']",Topic A,0.5277341,0.027817173,0.4444487,,,,,
CxGCYVKMMq8,"['lip', 'hand', 'muscle', 'eyelash', 'flash', 'photography', 'lipstick', 'happy', 'gesture', 'finger', 'font']",Topic B,0.0325491,0.52337515,0.44407576,,,,,
Cw-hvACuI8Z,"['hat', 'gesture', 'smile', 'happy', 'font', 'sun', 'hat', 'entertainment', 'performing', 'art', 'event', 'fan']",Topic A,0.49274206,0.47945836,0.027799536,,,,,
Cw-UAj7uvFY,"['lip', 'hat', 'flash', 'photography', 'cap', 'sleeve', 'headgear', 'sun', 'hat', 'tint', 'shade', 'costume', 'hat', 'fashion', 'design']",Topic A,0.5002864,0.47480342,0.02491017,,,,,
Cw8-0Y7rfD3,"['water', 'muscle', 'body', 'water', 'lake', 'leisure', 'chest', 'short', 'recreation', 'barechested', 'navel']",Topic B,0.028884172,0.9431689,0.027946925,,,,,
Cw8ENMuupfw,"['sky', 'sleeve', 'building', 'gas', 'signage', 'font', 'facade', 'billboard', 'advertising', 'event']",Topic C,0.031224158,0.032268703,0.9365071,,,,,
Cw5szBwBgcb,"['fashion', 'travel', 'eyewear', 'neighbourhood', 'public', 'space', 'leisure', 'fun', 'city', 'luggage', 'bag', 'thigh']",Topic B,0.47870776,0.4941306,0.027161626,,,,,
Cw3SSoGOcLt,"['jean', 'bird', 'hat', 'fun', 'travel', 'sky', 'happy', 'beak', 'art', 'sun', 'hat']",Topic A,0.9078604,0.059153333,0.032986242,,,,,
Cw0Oj5OODyD,"['nose', 'skin', 'lip', 'chin', 'eyebrow', 'vision', 'care', 'eyelash', 'jaw', 'lipstick', 'eyewear']",Topic A,0.53472507,0.028226173,0.4370488,,,,,
CwyFO6aN13x,"['smile', 'lip', 'chin', 'hat', 'human', 'fedora', 'sun', 'hat', 'happy', 'gesture', 'flash', 'photography']",Topic A,0.94248736,0.028948447,0.028564217,,,,,
CwtJX9TvFv5,"['font', 'event', 'brand', 'electric', 'blue', 'circle', 'graphic', 'logo', 'darkness', 'advertising']",Topic C,0.031073673,0.032230042,0.93669623,,,,,
Cws7oz1gR1V,"['photograph', 'human', 'fashion', 'flash', 'photography', 'font', 'audio', 'equipment', 'facial', 'hair', 'beard', 'eyewear', 'event']",Topic A,0.9425006,0.027916612,0.029582847,,,,,
Cws0xG6hrIH,"['face', 'smile', 'photograph', 'human', 'happy', 'eyewear', 'gesture', 'interaction', 'social', 'group', 'leisure']",Topic A,0.7303851,0.24105479,0.028560096,,,,,
CwsxVWNpNBd,"['smile', 'chin', 'hairstyle', 'facial', 'expression', 'hat', 'mouth', 'organ', 'product', 'jaw', 'fun']",Topic A,0.94087684,0.02883843,0.030284729,,,,,
CwsLmcpgb9a,"['smile', 'flash', 'photography', 'happy', 'event', 'grass', 'leisure', 'entertainment', 'recreation', 'darkness']",Topic B,0.033370674,0.80699813,0.15963121,,,,,
CwqP-B0ByZt,"['gesture', 'flash', 'photography', 'short', 'fashion', 'design', 'entertainment', 'thigh', 'fun', 'leisure', 'event', 'tie']",Topic B,0.027430445,0.94476974,0.027799832,,,,,
Cwn48ahulHD,"['hair', 'nose', 'head', 'chin', 'hairstyle', 'eyebrow', 'mouth', 'facial', 'expression', 'jaw', 'font']",Topic A,0.7549847,0.028277922,0.21673742,,,,,
CwnrMmpOlY1,"['poster', 'sunglass', 'goggles', 'movie', 'entertainment', 'action', 'film', 'fictional', 'character', 'publication', 'font', 'event']",Topic C,0.40699643,0.03435072,0.5586528,,,,,
CwlvlFehvIi,"['temple', 'leisure', 'musical', 'instrument', 'art', 'people', 'recreation', 'fun', 'facade', 'folk', 'instrument', 'bagpipe']",Topic A,0.58830386,0.38314047,0.028555634,,,,,
CwjJ_altmUW,"['eyelash', 'gesture', 'mobile', 'phone', 'font', 'happy', 'screenshot', 'communication', 'device', 'telephony', 'magenta', 'gadget']",Topic B,0.026418267,0.9435294,0.030052278,,,,,
Cwh_w7lOCRs,"['forehead', 'chin', 'publication', 'happy', 'font', 'movie', 'adaptation', 'poster', 'flash', 'photography', 'book', 'cover']",Topic C,0.028852804,0.033138268,0.9380089,,,,,
Cwf17mjPVjA,"['shoulder', 'facial', 'expression', 'picture', 'frame', 'fashion', 'happy', 'social', 'group', 'community', 'short', 'fun']",Topic A,0.76059705,0.03462004,0.20478293,,,,,
CwfaeIFPAl9,"['table', 'sharing', 'social', 'group', 'community', 'leisure', 'jacket', 'adaptation', 'eyewear', 'fashion', 'design']",Topic B,0.26774317,0.7032894,0.028967408,,,,,
CwdYAaBvRy5,"['lip', 'dress', 'shirt', 'neck', 'sleeve', 'flash', 'photography', 'waist', 'collar', 'wood', 'eyelash', 'fashion', 'design']",Topic C,0.026107067,0.02589408,0.9479988,,,,,
CwalethNSUb,"['world', 'product', 'nature', 'human', 'organism', 'yellow', 'gesture', 'happy', 'interaction', 'leisure']",Topic A,0.4927459,0.4754823,0.031771787,,,,,
CwWSzspBb8U,"['font', 'poster', 'publication']",Topic C,0.08524505,0.0887345,0.8260204,,,,,
CwVeIgsLjqe,"['sport', 'uniform', 'jersey', 'player', 'sportswear', 'competition', 'event', 'championship', 'event', 'fan', 'team']",Topic C,0.02904131,0.029522534,0.9414361,,,,,
CwSih99gn4T,"['font', 'sharing', 'event', 'advertising', 'team', 'photo', 'caption', 'job', 'brand', 'medium', 'formal', 'wear']",Topic C,0.28915203,0.17798209,0.5328659,,,,,
CwQhCmvBUv8,"['footwear', 'sneaker', 'leisure', 'boot', 'entertainment', 'event', 'performing', 'art', 'fashion', 'design', 'team', 'costume']",Topic B,0.02630626,0.94562846,0.028065301,,,,,
CwNY-ldNTsZ,"['car', 'vehicle', 'vehicle', 'registration', 'plate', 'automotive', 'design', 'motor', 'vehicle', 'luggage', 'bag', 'bag', 'automotive', 'exterior', 'waist', 'vehicle', 'door']",Topic B,0.024035847,0.9570763,0.018887874,,,,,
CwLkMg-ucMg,"['forehead', 'eyebrow', 'jaw', 'happy', 'font', 'flash', 'photography', 'photo', 'caption', 'internet', 'meme', 'sleeve', 'pleased']",Topic A,0.94203645,0.026253574,0.031709965,,,,,
CwHG8F_t75g,"['comfort', 'human', 'font', 'happy', 'photo', 'caption', 'room', 'linen', 'pillow', 'sitting']",Topic A,0.93216056,0.034925755,0.032913722,,,,,
CwF7LhjrQoW,"['nose', 'lip', 'hairstyle', 'eyelash', 'mouth', 'jaw', 'neck', 'ear', 'long', 'hair', 'blond']",Topic C,0.03200536,0.027914263,0.9400804,,,,,
CwDTc63N95C,"['sky', 'plant', 'billboard', 'rectangle', 'font', 'tree', 'signage', 'advertising', 'street', 'sign', 'sign']",Topic C,0.02810898,0.028999045,0.942892,,,,,
CwDQAq_O-Zh,"['font', 'dress', 'happy', 'poster', 'art', 'fashion', 'design', 'formal', 'wear', 'people', 'nature', 'flash', 'photography', 'event']",Topic B,0.023511415,0.9485665,0.027922101,,,,,
CwC-11NIugg,"['poster', 'publication', 'sky', 'font', 'book', 'cover', 'advertising', 'landscape', 'movie', 'action', 'film', 'hero']",Topic C,0.026137233,0.026391687,0.9474711,,,,,
Cv-XmVvPXOx,"['facial', 'expression', 'product', 'happy', 'gesture', 'sharing', 'smile', 'adaptation', 'leisure', 'travel', 'fun']",Topic A,0.49894452,0.47222507,0.02883039,,,,,
Cvx0OC8Bpua,"['smile', 'human', 'gesture', 'happy', 'poster', 'font', 'ball', 'event', 'sharing', 'advertising']",Topic B,0.038225558,0.5814497,0.38032478,,,,,
Cvxfoy6uezx,"['suit', 'trouser', 'trouser', 'shoe', 'leg', 'coat', 'style', 'fashion', 'design', 'flash', 'photography', 'pantsuit', 'blazer']",Topic C,0.025291573,0.02986971,0.9448387,,,,,
CvufaY8uBCG,"['hair', 'lip', 'outerwear', 'flash', 'photography', 'neck', 'sleeve', 'tartan', 'gesture', 'collar', 'dress', 'shirt']",Topic C,0.24563575,0.029989742,0.72437453,,,,,
Cvp-97xNOXp,"['purple', 'violet', 'sky', 'font', 'magenta', 'cloud', 'electric', 'blue', 'circle', 'pattern', 'symmetry']",Topic B,0.028340084,0.6173573,0.3543026,,,,,
Cvp4G1WNxWc,"['forehead', 'hairstyle', 'photograph', 'shirt', 'facial', 'expression', 'muscle', 'human', 'flash', 'photography', 'happy', 'gesture']",Topic A,0.9424355,0.02911359,0.02845094,,,,,
CvnaK5vOYCC,"['hair', 'photograph', 'eyebrow', 'smile', 'light', 'organ', 'human', 'black', 'flash', 'photography', 'fashion']",Topic A,0.9374777,0.030487904,0.032034393,,,,,
CvnTUO0O-j0,"['shoe', 'leg', 'people', 'nature', 'road', 'surface', 'happy', 'knee', 'thigh', 'asphalt', 'flooring', 'tint', 'shade']",Topic B,0.024121001,0.9511147,0.024764318,,,,,
CvkTDFONGTw,"['smile', 'product', 'eyelash', 'sleeve', 'communication', 'device', 'gadget', 'technology', 'layered', 'hair', 'electronic', 'device', 'electric', 'blue']",Topic B,0.1425106,0.60644597,0.25104347,,,,,
Cvh8D_mRG-V,"['hairstyle', 'photograph', 'facial', 'expression', 'muscle', 'human', 'fashion', 'gesture', 'fun', 'happy', 'social', 'group']",Topic A,0.943584,0.029602356,0.026813626,,,,,
CvhggC6RYet,"['hat', 'landscape', 'sky', 'event', 'wrinkle', 'wood', 'belt', 'history', 'sun', 'hat']",Topic A,0.8235719,0.036330663,0.14009744,,,,,
CvdG__PsJlN,"['font', 'hat', 'happy', 'wood', 'event', 'brand', 'poster', 'team', 'advertising']",Topic C,0.2042048,0.038379688,0.75741553,,,,,
Cvc5QZxOiLR,"['forehead', 'hair', 'head', 'photograph', 'coat', 'gesture', 'community', 'adaptation', 'tie', 'spokesperson']",Topic A,0.9218051,0.04625236,0.03194254,,,,,
CvcmgUNOBq3,"['smile', 'sky', 'cloud', 'temple', 'happy', 'tree', 'microphone', 'leisure', 'recreation']",Topic B,0.034525268,0.929934,0.035540715,,,,,
CvckqziIChx,"['forehead', 'hair', 'head', 'lip', 'chin', 'eyebrow', 'shoulder', 'vision', 'care', 'mouth', 'human', 'body']",Topic A,0.94313055,0.027456047,0.029413454,,,,,
Cva2yzjOiD-,"['hair', 'face', 'smile', 'head', 'hairstyle', 'photograph', 'facial', 'expression', 'muscle', 'organ', 'human']",Topic A,0.9427226,0.028779553,0.028497811,,,,,
CvZ_4HPseQE,"['lamp', 'font', 'adaptation', 'sleeve', 'military', 'person', 'officer', 'suit', 'room', 'lampshade', 'pattern']",Topic B,0.028567452,0.94081444,0.0306181,,,,,
CvSs_4vOdLp,"['hair', 'head', 'lip', 'outerwear', 'photograph', 'mouth', 'light', 'organ', 'black', 'human']",Topic A,0.9365325,0.031012975,0.032454506,,,,,
CvSRfbIIP41,"['forehead', 'chin', 'eyebrow', 'mouth', 'jaw', 'neck', 'mammal', 'happy', 'gesture', 'smile']",Topic A,0.5616424,0.03393356,0.404424,,,,,
CvKqBi_uZ7y,"['hat', 'eyewear', 'font', 'technology', 'snapshot', 'movie', 'goggles', 'glass', 'fictional', 'character', 'gadget']",Topic A,0.7340411,0.235555,0.030403955,,,,,
CvKlHi4uIlf,"['smile', 'font', 'hat', 'sun', 'hat', 'advertising', 'poster', 'event', 'movie', 'photo', 'caption', 'sharing']",Topic A,0.7473423,0.031164065,0.22149369,,,,,
CvIMDuxgEYR,"['smile', 'sport', 'jersey', 'sleeve', 'jersey', 'sport', 'uniform', 'electric', 'blue', 'sportswear', 'font', 'event']",Topic C,0.027057374,0.028153626,0.944789,,,,,
CvGQcWvucAp,"['forehead', 'face', 'hair', 'head', 'hairstyle', 'photograph', 'eyebrow', 'facial', 'expression', 'light', 'human']",Topic A,0.9426686,0.028114581,0.029216845,,,,,
CvA__EJtMKL,"['smile', 'human', 'flash', 'photography', 'fashion', 'happy', 'fun', 'people', 'leisure', 'beauty', 'entertainment']",Topic B,0.23896918,0.730881,0.030149844,,,,,
CvAP6vHvPGF,"['forehead', 'head', 'photograph', 'facial', 'expression', 'product', 'organ', 'human', 'happy', 'crowd', 'community']",Topic A,0.9422746,0.029139386,0.02858603,,,,,
Cu9rH6strnN,"['skin', 'eyebrow', 'smile', 'eyelash', 'gesture', 'pink', 'barbie', 'mobile', 'phone', 'material', 'property', 'magenta']",Topic B,0.05948742,0.8123791,0.12813346,,,,,
Cu7UD3qvTx2,"['forehead', 'hair', 'face', 'head', 'chin', 'outerwear', 'hairstyle', 'eyebrow', 'facial', 'expression', 'human']",Topic A,0.942373,0.02792016,0.029706867,,,,,
Cu4hkIWuzQA,"['smile', 'vision', 'care', 'eyewear', 'happy', 'interaction', 'font', 'cool', 'community', 'hat', 'fashion', 'design']",Topic A,0.9385683,0.031226328,0.030205427,,,,,
Cu2KeLkMlmA,"['photograph', 'fashion', 'picture', 'frame', 'chair', 'adaptation', 'outdoor', 'furniture', 'eyewear', 'event', 'snapshot', 'room']",Topic B,0.02886828,0.9422004,0.028931247,,,,,
Cu15UaOOVly,"['watch', 'sky', 'human', 'cloud', 'flash', 'photography', 'happy', 'font', 'people', 'nature', 'cool', 'travel']",Topic B,0.029633151,0.94147575,0.02889113,,,,,
CuzKQXrAR5Q,"['forehead', 'chin', 'eyebrow', 'dress', 'shirt', 'jaw', 'neck', 'sleeve', 'gesture', 'ear', 'collar']",Topic C,0.03109194,0.029752385,0.9391557,,,,,
Cuup62OOmPh,"['photograph', 'cartoon', 'textile', 'happy', 'gesture', 'fun', 'art', 'snapshot', 'formal', 'wear', 'collage']",Topic B,0.031090328,0.9398682,0.029041471,,,,,
CusFBRHOgc7,"['joint', 'hairstyle', 'shoulder', 'facial', 'expression', 'flash', 'photography', 'interaction', 'happy', 'fashion', 'design', 'curtain', 'black', 'hair']",Topic A,0.51434255,0.02572348,0.45993397,,,,,
Cupcy5vvuo5,"['forehead', 'facial', 'expression', 'gesture', 'happy', 'font', 'event', 'fun', 'photo', 'caption', 'news', 'job']",Topic A,0.93880075,0.032387156,0.028812043,,,,,
Cum7bVaOn7b,"['clothing', 'head', 'outerwear', 'hairstyle', 'photograph', 'facial', 'expression', 'product', 'human', 'fashion', 'sleeve']",Topic A,0.9408912,0.029062044,0.030046767,,,,,
Cum0l5LuPrV,"['nose', 'hair', 'head', 'eyebrow', 'eye', 'jaw', 'art', 'rectangle', 'font', 'snout']",Topic C,0.40591556,0.033461355,0.5606231,,,,,
CumnUbUtp7T,"['dress', 'flash', 'photography', 'sleeve', 'umbrella', 'gown', 'sky', 'fashion', 'design', 'formal', 'wear', 'happy', 'event']",Topic C,0.02555991,0.030059563,0.9443805,,,,,
CukrO3HO-_4,"['hair', 'skin', 'lip', 'smile', 'hairstyle', 'eyebrow', 'neck', 'eyelash', 'happy', 'stole']",Topic A,0.6384167,0.032343104,0.3292402,,,,,
Cukkc33uc2u,"['colorfulness', 'rectangle', 'font', 'parallel', 'magenta', 'electric', 'blue', 'pattern', 'graphic', 'brand', 'graphic', 'design']",Topic C,0.026007855,0.02734306,0.9466491,,,,,
CuddHs3t5UY,"['forehead', 'nose', 'cheek', 'facial', 'expression', 'mouth', 'eyelash', 'jaw', 'mammal', 'gesture', 'cartoon']",Topic A,0.53519696,0.029659117,0.4351439,,,,,
CuaDc-7Okju,"['flash', 'photography', 'gesture', 'entertainment', 'performing', 'art', 'event', 'music', 'performance', 'art', 'fun', 'elbow', 'audio', 'equipment']",Topic B,0.025669154,0.9505832,0.023747632,,,,,
CuZ1wm3O4Bb,"['sky', 'billboard', 'plant', 'rectangle', 'font', 'signage', 'sign', 'advertising', 'banner', 'street', 'sign']",Topic C,0.028106915,0.028415868,0.9434772,,,,,
CuXsZOfLBTj,"['lip', 'chin', 'eyebrow', 'lipstick', 'mouth', 'facial', 'expression', 'eyelash', 'organ', 'smile', 'black']",Topic A,0.55881983,0.028770663,0.41240957,,,,,
CuXM4XDpt43,"['forehead', 'nose', 'cheek', 'eyebrow', 'mouth', 'eyelash', 'flash', 'photography', 'jaw', 'ear', 'gesture']",Topic C,0.030846175,0.029854542,0.9392993,,,,,
CuSONVit1MD,"['water', 'muscle', 'body', 'water', 'outdoor', 'recreation', 'lake', 'boat', 'boating', 'equipment', 'supply', 'leisure', 'paddle', 'people', 'sport']",Topic B,0.021840459,0.95463216,0.023527361,,,,,
CuSAep2OLvP,"['eyelash', 'entertainment', 'cool', 'music', 'black', 'hair', 'magenta', 'font', 'step', 'cutting', 'artificial', 'hair', 'integration']",Topic B,0.03030517,0.65802145,0.31167337,,,,,
CuPN8bPOP_V,"['lip', 'smile', 'eye', 'flash', 'photography', 'neck', 'eyewear', 'sleeve', 'happy', 'black', 'hair', 'electric', 'blue']",Topic C,0.032952633,0.02729976,0.9397476,,,,,
CuHtTAQN-Yr,"['joint', 'shoulder', 'sleeve', 'flash', 'photography', 'font', 'waist', 'cool', 'sportswear', 'fashion', 'design']",Topic C,0.02997363,0.03073435,0.939292,,,,,
Ct4eQj-JjmU,"['forehead', 'head', 'hairstyle', 'photograph', 'mouth', 'facial', 'expression', 'muscle', 'light', 'organ', 'fashion']",Topic A,0.9419355,0.02869609,0.029368423,,,,,
CtwpBLMIVTh,"['forehead', 'eyebrow', 'beard', 'flash', 'photography', 'jaw', 'sleeve', 'facial', 'hair', 'font', 'poster', 'moustache']",Topic C,0.030583026,0.02672942,0.9426876,,,,,
CtwUddvgQMA,"['musical', 'instrument', 'font', 'technology', 'music', 'event', 'advertising', 'photo', 'caption', 'entertainment', 'news', 'publication']",Topic A,0.66807103,0.12975791,0.20217106,,,,,
CttvoMzA3om,"['photograph', 'analog', 'television', 'light', 'black', 'flash', 'photography', 'sleeve', 'font', 'television', 'set', 'snapshot']",Topic B,0.036996674,0.93223596,0.030767402,,,,,
CtrtJYaO35j,"['photograph', 'muscle', 'computer', 'human', 'output', 'device', 'flat', 'panel', 'display', 'personal', 'computer', 'display', 'device', 'technology', 'electronic', 'device']",Topic B,0.02185614,0.95847046,0.019673442,,,,,
CtrfbK5MBA1,"['water', 'vertebrate', 'cap', 'goggles', 'liquid', 'eyewear', 'headgear', 'medley', 'swimming', 'lake', 'sport', 'gear']",Topic C,0.03508814,0.3544748,0.61043704,,,,,
CtpiXSrLSTa,"['arm', 'muscle', 'fashion', 'musician', 'purple', 'music', 'artist', 'gesture', 'music', 'performing', 'art', 'entertainment']",Topic B,0.027624262,0.9461136,0.026262172,,,,,
Cto6gAGpY5e,"['smile', 'tire', 'wheel', 'car', 'vehicle', 'motor', 'vehicle', 'sky', 'tree', 'gesture', 'automotive', 'design']",Topic B,0.032406516,0.94071484,0.026878627,,,,,
Cto06mBODjL,"['cloud', 'people', 'nature', 'flash', 'photography', 'happy', 'plant', 'sky', 'poster', 'grass', 'grassland', 'landscape']",Topic B,0.0270245,0.93892634,0.03404916,,,,,
CtnKUQ7J_Xe,"['smile', 'world', 'light', 'product', 'blue', 'lighting', 'fan', 'crowd', 'entertainment', 'music', 'artist']",Topic A,0.887072,0.08223993,0.030688064,,,,,
CtnJJDPrej-,"['hand', 'arm', 'shirt', 'smile', 'microphone', 'fashion', 'flash', 'photography', 'entertainment', 'purple', 'crowd']",Topic B,0.03237156,0.9367163,0.030912109,,,,,
Ctm42XqIrmB,"['sky', 'cloud', 'people', 'nature', 'sleeve', 'snow', 'happy', 'gesture', 'travel', 'fun', 'tire']",Topic B,0.02970653,0.9409882,0.029305303,,,,,
CtmwukAhtxH,"['hairstyle', 'wedding', 'dress', 'picture', 'frame', 'human', 'fashion', 'window', 'textile', 'dress', 'flash', 'photography', 'eyelash']",Topic C,0.11357171,0.026769567,0.8596587,,,,,
CtmLIVcOj3G,"['smile', 'dress', 'garment', 'flash', 'photography', 'fashion', 'design', 'fun', 'leisure', 'formal', 'wear', 'happy', 'event']",Topic B,0.025514133,0.94665,0.027835852,,,,,
Ctkn-QINB_6,"['sky', 'billboard', 'plant', 'rectangle', 'font', 'advertising', 'signage', 'tree', 'sign', 'banner']",Topic C,0.030702384,0.031778775,0.93751884,,,,,
CtkLKiVRJxM,"['glass', 'short', 'sunglass', 'microphone', 'goggles', 'player', 'gesture', 'musician', 'jersey', 'fun']",Topic B,0.36584216,0.41276214,0.22139567,,,,,
CtjxEFRO5nh,"['face', 'lip', 'chin', 'hairstyle', 'eyebrow', 'eyelash', 'flash', 'photography', 'publication', 'poster', 'black', 'hair']",Topic C,0.2917223,0.026628803,0.6816489,,,,,
Cthyz64LVVo,"['building', 'interior', 'design', 'chair', 'houseplant', 'couch', 'house', 'tint', 'shade', 'curtain', 'event', 'wood']",Topic B,0.026695808,0.9417009,0.03160333,,,,,
CteglY5ocMP,"['forehead', 'hair', 'nose', 'face', 'skin', 'head', 'lip', 'chin', 'eyebrow', 'eye']",Topic A,0.9300054,0.030430602,0.039563965,,,,,
Ctck-T4Mg6L,"['chin', 'facial', 'expression', 'art', 'happy', 'font', 'poster', 'illustration', 'people', 'nature', 'graphic', 'eyelash']",Topic C,0.084937125,0.3103601,0.60470283,,,,,
Ctb_NbjN8u2,"['sky', 'atmosphere', 'sport', 'equipment', 'football', 'world', 'player', 'grass', 'ball', 'championship', 'soccer', 'ball']",Topic C,0.026628999,0.027158324,0.94621265,,,,,
CtZrlOyJALB,"['forehead', 'shirt', 'photograph', 'product', 'human', 'sleeve', 'vision', 'care', 'tie', 'collar', 'community']",Topic A,0.93628263,0.031069694,0.03264765,,,,,
CtZW_AFOBLI,"['font', 'line', 'magenta', 'poster', 'electric', 'blue', 'event', 'happy', 'graphic', 'design']",Topic C,0.031737566,0.038776267,0.92948616,,,,,
CtXGzZWumff,"['sleeve', 'gesture', 'finger', 'thumb', 'font', 'wrist', 'nail', 'sportswear', 'electric', 'blue']",Topic B,0.03140885,0.6590238,0.3095673,,,,,
CtUh_q5Njk9,"['forehead', 'beard', 'sleeve', 'facial', 'hair', 'happy', 'event', 'flash', 'photography', 'moustache', 'font', 'formal', 'wear']",Topic C,0.02817967,0.027728958,0.9440913,,,,,
CtR2VzIthcI,"['forehead', 'chin', 'hairstyle', 'eyebrow', 'facial', 'expression', 'organ', 'black', 'eyelash', 'flash', 'photography', 'fashion']",Topic A,0.72456044,0.027088637,0.24835089,,,,,
CtPtBNIojlA,"['sky', 'billboard', 'plant', 'rectangle', 'font', 'signage', 'advertising', 'sign', 'banner', 'grass']",Topic C,0.030704098,0.032452337,0.9368436,,,,,
CtMYK5mg0ys,"['flash', 'photography', 'poster', 'beard', 'movie', 'font', 'cg', 'artwork', 'publication', 'darkness', 'fictional', 'character', 'book', 'cover']",Topic C,0.35851416,0.023094209,0.61839163,,,,,
CtK8brRtY6W,"['entertainment', 'performing', 'art', 'stage', 'suit', 'event', 'music', 'performance', 'art', 'fashion', 'design', 'darkness', 'formal', 'wear']",Topic B,0.023588529,0.8715767,0.104834765,,,,,
CtKQh49O84M,"['chin', 'outerwear', 'dress', 'shirt', 'neck', 'fashion', 'sleeve', 'gesture', 'collar', 'layered', 'hair', 'blazer']",Topic C,0.13327396,0.028478187,0.8382479,,,,,
CtKCeFjNWq-,"['sky', 'flash', 'photography', 'gesture', 'happy', 'cool', 'blazer', 'formal', 'wear', 'black', 'hair', 'strapless', 'dress', 'suit']",Topic C,0.024329033,0.028992645,0.9466783,,,,,
CtE-W97KzqO,"['flash', 'photography', 'happy', 'adaptation', 'font', 'movie', 'photo', 'caption', 'advertising', 'travel', 'conversation', 'sitting']",Topic A,0.8452538,0.11702683,0.037719395,,,,,
CtCStpbL63F,"['smile', 'skin', 'outerwear', 'hairstyle', 'facial', 'expression', 'black', 'human', 'fashion', 'gesture', 'flash', 'photography']",Topic A,0.9422489,0.02891279,0.028838284,,,,,
Cs_nB6zupFE,"['forehead', 'nose', 'cheek', 'lip', 'chin', 'eyebrow', 'eyelash', 'mouth', 'neck', 'jaw']",Topic C,0.03356727,0.030403187,0.93602955,,,,,
Cs9rcInuvhE,"['forehead', 'polo', 'shirt', 'beard', 'wrinkle', 'collar', 'moustache', 'facial', 'hair', 'official']",Topic C,0.040183097,0.030642875,0.929174,,,,,
Cs9JHZ6OUAT,"['forehead', 'eyebrow', 'facial', 'expression', 'eyelash', 'jaw', 'neck', 'gesture', 'happy', 'font', 'thumb']",Topic C,0.18575908,0.15526684,0.65897405,,,,,
Cs6ZF07LnHa,"['smile', 'organ', 'balloon', 'purple', 'pink', 'happy', 'leisure', 'fun', 'magenta', 'red']",Topic B,0.035525154,0.93346256,0.03101225,,,,,
Cs12MNhO-cG,"['forehead', 'jaw', 'mammal', 'happy', 'cool', 'font', 'facial', 'hair', 'photo', 'caption', 'wrinkle', 'pleased']",Topic A,0.9430213,0.027058655,0.02992004,,,,,
Cs1vYPxrQtm,"['face', 'forehead', 'smile', 'hair', 'skin', 'head', 'hairstyle', 'eyebrow', 'eye', 'facial', 'expression']",Topic A,0.9420483,0.028253432,0.029698314,,,,,
Cs1i9ZFBlOt,"['hairstyle', 'arm', 'photograph', 'mouth', 'facial', 'expression', 'muscle', 'white', 'organ', 'human', 'fashion']",Topic A,0.9407029,0.030252382,0.02904475,,,,,
CswWThtuAey,"['forehead', 'glass', 'smile', 'hairstyle', 'muscle', 'mammal', 'gesture', 'flash', 'photography', 'happy', 'people']",Topic A,0.91492987,0.05443051,0.030639611,,,,,
Cswe7r1rUxL,"['computer', 'personal', 'computer', 'product', 'output', 'device', 'laptop', 'font', 'peripheral', 'gadget', 'technology', 'engineering']",Topic B,0.41035667,0.5632218,0.026421517,,,,,
CsuD67gv_Qp,"['face', 'skin', 'head', 'chin', 'hairstyle', 'eyebrow', 'photograph', 'eye', 'makeover', 'eyelash']",Topic A,0.772247,0.030906491,0.19684647,,,,,
Cst6NHFANVh,"['nature', 'world', 'human', 'organism', 'standing', 'fun', 'adaptation', 'terrestrial', 'plant', 'electric', 'blue']",Topic A,0.49996948,0.24235696,0.2576736,,,,,
Cso3ZfiOaAM,"['smile', 'skin', 'happy', 'yellow', 'pink', 'thigh', 'short', 'leisure', 'black', 'hair', 'luggage', 'bag']",Topic B,0.16381845,0.80787206,0.028309513,,,,,
CsowfEdNWMu,"['hair', 'smile', 'hairstyle', 'facial', 'expression', 'human', 'happy', 'gesture', 'community', 'fun', 'people']",Topic A,0.93213236,0.038770463,0.029097201,,,,,
CsmyuBhR7MP,"['forehead', 'face', 'head', 'chin', 'eyebrow', 'shoulder', 'muscle', 'eyelash', 'neck', 'ear']",Topic C,0.4627899,0.030964522,0.5062456,,,,,
CsoONO5ASn_,"['product', 'human', 'font', 'magenta', 'smile', 'musical', 'instrument', 'event', 'advertising', 'photo', 'caption', 'music']",Topic A,0.78671014,0.17767714,0.03561275,,,,,
CshCHKSRo7Q,"['clothing', 'hair', 'head', 'outerwear', 'photograph', 'facial', 'expression', 'organ', 'human', 'coat', 'sharing']",Topic A,0.94171935,0.029597081,0.028683575,,,,,
Cseaya3PBI1,"['photograph', 'plant', 'line', 'tint', 'shade', 'font', 'leisure', 'snapshot', 'outdoor', 'furniture', 'shade', 'couch']",Topic B,0.026961427,0.94527763,0.027760958,,,,,
CsbrizSOFOe,"['hair', 'head', 'smile', 'hand', 'photograph', 'mouth', 'organ', 'kiss', 'gesture', 'happy']",Topic A,0.6095746,0.3580682,0.032357227,,,,,
CsZT-k7OAbo,"['property', 'sky', 'billboard', 'nature', 'rectangle', 'plant', 'font', 'advertising', 'signage', 'tree']",Topic C,0.030819511,0.28335556,0.68582493,,,,,
CsUuZwmNSMf,"['face', 'smile', 'head', 'outerwear', 'shirt', 'muscle', 'motor', 'vehicle', 'automotive', 'design', 'mode', 'transport']",Topic A,0.9441793,0.028652808,0.027167944,,,,,
CsRg_CaLmF3,"['forehead', 'face', 'skin', 'eyebrow', 'eye', 'flash', 'photography', 'jaw', 'neck', 'ear', 'eyelash']",Topic C,0.34488544,0.028710542,0.626404,,,,,
CsQ_oHfu6S-,"['poster', 'font', 'entertainment', 'event', 'action', 'film', 'movie', 'publication', 'heat', 'advertising', 'fire']",Topic C,0.028872147,0.037710726,0.93341714,,,,,
CsOfH_PuQiu,"['human', 'flash', 'photography', 'smile', 'eyelash', 'happy', 'makeover', 'eye', 'liner', 'step', 'cutting', 'electric', 'blue', 'jewellery']",Topic B,0.027741406,0.49042207,0.48183653,,,,,
CsMOGfkLyBE,"['food', 'ingredient', 'recipe', 'tableware', 'cuisine', 'dish', 'advertising', 'font', 'comfort', 'food', 'sweetness']",Topic C,0.028426407,0.02882481,0.9427488,,,,,
CsJpNGAuqDO,"['jaw', 'flash', 'photography', 'organism', 'font', 'darkness', 'art', 'collage', 'photo', 'caption', 'portrait', 'photography', 'fictional', 'character']",Topic A,0.9457129,0.025353972,0.028933091,,,,,
CsJUpvjNBpj,"['world', 'font', 'astronomical', 'object', 'electric', 'blue', 'circle', 'space', 'science', 'asphalt', 'graphic', 'logo']",Topic C,0.027644064,0.026828267,0.9455277,,,,,
CsE0PO4h5hX,"['photograph', 'communication', 'device', 'gesture', 'gadget', 'finger', 'font', 'adaptation', 'eyelash', 'multimedia', 'electronic', 'device']",Topic B,0.02726966,0.9432895,0.02944086,,,,,
CsER7dNLhzY,"['bookcase', 'shoe', 'furniture', 'shelf', 'blue', 'publication', 'shelving', 'interior', 'design', 'leisure', 'flooring']",Topic C,0.0282083,0.37164804,0.6001436,,,,,
CsELB4FuMaL,"['footwear', 'shoe', 'coat', 'smile', 'fashion', 'design', 'blazer', 'formal', 'wear', 'overcoat', 'workwear', 'event']",Topic B,0.02683499,0.94498247,0.028182559,,,,,
Cr_c56ENYtj,"['forehead', 'nose', 'cheek', 'lip', 'chin', 'eyebrow', 'eyelash', 'jaw', 'neck', 'ear']",Topic C,0.0327711,0.030385248,0.9368437,,,,,
Cr8-9-kpb8z,"['forehead', 'outerwear', 'photograph', 'human', 'font', 'adaptation', 'snapshot', 'event', 'beard', 'photo', 'caption']",Topic A,0.7414065,0.22773589,0.030857597,,,,,
Cr7XRexOntI,"['forehead', 'nose', 'cheek', 'head', 'chin', 'eyebrow', 'hairstyle', 'facial', 'expression', 'eyelash', 'human']",Topic A,0.5986175,0.028098365,0.37328413,,,,,
Cr6n6zAuOAH,"['forehead', 'chin', 'hairstyle', 'eyebrow', 'eye', 'neck', 'temple', 'lipstick', 'earring', 'fashion', 'design']",Topic C,0.033789806,0.02910333,0.93710685,,,,,
Cr4jWo9toWd,"['photograph', 'white', 'smile', 'organ', 'human', 'travel', 'people', 'eyewear', 'snapshot', 'sculpture']",Topic B,0.46496353,0.504172,0.03086445,,,,,
Cr38SRFpPLD,"['flash', 'photography', 'entertainment', 'performing', 'art', 'performance', 'art', 'event', 'fashion', 'design', 'acting', 'performance', 'fun', 'music']",Topic B,0.023533074,0.9524738,0.02399312,,,,,
Cr3v3mNuijK,"['organism', 'pink', 'underwater', 'fish', 'fin', 'water', 'fish', 'coral', 'plant', 'reef']",Topic A,0.9245511,0.04235165,0.033097237,,,,,
Cr1JQSVO4qQ,"['hair', 'smile', 'photograph', 'fashion', 'vision', 'care', 'sunglass', 'happy', 'black', 'hair', 'eyewear', 'people']",Topic A,0.9417162,0.030819679,0.027464097,,,,,
Cr01tULAf12,"['font', 'happy', 'poster', 'magenta']",Topic B,0.07026529,0.8326176,0.097117126,,,,,
CryXMcEOG8J,"['forehead', 'face', 'nose', 'chin', 'flash', 'photography', 'jaw', 'eyelash', 'black', 'hair', 'darkness', 'eyewear']",Topic C,0.31880453,0.02663851,0.65455693,,,,,
CrudRMrr9aJ,"['joint', 'shoulder', 'fashion', 'sleeve', 'flooring', 'style', 'fashion', 'design', 'gown', 'formal', 'wear', 'fashion', 'model']",Topic C,0.025039393,0.026814353,0.9481462,,,,,
CruKMy8JXxn,"['joint', 'white', 'flooring', 'fashion', 'design', 'entertainment', 'formal', 'wear', 'thigh', 'performing', 'art', 'gown', 'waist']",Topic B,0.025629355,0.67142063,0.30295002,,,,,
CruFXeJvhd2,"['sleeve', 'fashion', 'design', 'fashion', 'model', 'event', 'formal', 'wear', 'long', 'hair', 'jewellery', 'lipstick', 'necklace', 'plant']",Topic C,0.023434833,0.026082497,0.95048267,,,,,
CruAOZ_v1Go,"['hairstyle', 'shoulder', 'fur', 'clothing', 'textile', 'fashion', 'design', 'gown', 'embellishment', 'fashion', 'model', 'happy', 'flooring']",Topic C,0.028794073,0.026536195,0.9446697,,,,,
CrqfLLauSMq,"['arm', 'coat', 'sleeve', 'gesture', 'happy', 'people', 'nature', 'tree', 'grass', 'adaptation', 'leisure']",Topic B,0.029182458,0.9412817,0.029535897,,,,,
CrgH7uRu5pa,"['font', 'adaptation', 'poster', 'photo', 'caption', 'advertising', 'happy', 'event', 'brand', 'chair', 'art']",Topic B,0.27501047,0.41076717,0.31422237,,,,,
Crdcc9Bg4p2,"['world', 'cartoon', 'fictional', 'character', 'fun', 'happy', 'animated', 'cartoon', 'musical', 'instrument', 'art', 'cloud', 'toy']",Topic A,0.81328326,0.16204353,0.024673225,,,,,
CrWQLqTPHay,"['facial', 'expression', 'line', 'font', 'toddler', 'fence', 'cradle', 'metal', 'child', 'baby', 'product', 'happy']",Topic C,0.19065888,0.028038763,0.7813024,,,,,
CrTrYOTp6se,"['smile', 'hand', 'organ', 'flash', 'photography', 'gesture', 'happy', 'beard', 'eyewear', 'blazer', 'thumb']",Topic B,0.30516124,0.6613836,0.03345518,,,,,
CrRIqR0s7gJ,"['vertebrate', 'gesture', 'interaction', 'blazer', 'worker', 'event', 'crowd', 'formal', 'wear', 'job', 'conversation']",Topic B,0.030075716,0.94054866,0.029375628,,,,,
CrQ6OWisEjP,"['arm', 'tartan', 'finger', 'gesture', 'thumb', 'headgear', 'plaid', 'font', 'wrist', 'happy']",Topic B,0.03169072,0.9366768,0.03163249,,,,,
CrL8_6SNrwx,"['sky', 'plant', 'vegetation', 'billboard', 'rectangle', 'font', 'street', 'sign', 'signage', 'terrestrial', 'plant', 'natural', 'landscape']",Topic C,0.024271393,0.024536576,0.951192,,,,,
CrGhF8_r9Fg,"['wedding', 'dress', 'hairstyle', 'smile', 'shoulder', 'bride', 'facial', 'expression', 'bridal', 'clothing', 'happy', 'dress', 'gown']",Topic C,0.18803975,0.025511932,0.7864483,,,,,
CrBp0hItIYA,"['forehead', 'cheek', 'chin', 'eyebrow', 'jaw', 'gesture', 'ear', 'happy', 'smile', 'cool']",Topic C,0.038420744,0.03698902,0.92459023,,,,,
Cq_L4mdpDEO,"['automotive', 'lighting', 'automotive', 'mirror', 'motor', 'vehicle', 'vehicle', 'automotive', 'design', 'font', 'mirror', 'vehicle', 'door', 'automotive', 'exterior', 'car']",Topic A,0.95629877,0.022871552,0.020829706,,,,,
Cq8XE6ON5Eb,"['leg', 'green', 'blue', 'azure', 'human', 'short', 'sleeve', 'standing', 'mammal', 'hat']",Topic A,0.923283,0.04016319,0.03655377,,,,,
Cq50kniIL4y,"['font', 'logo', 'circle', 'graphic', 'brand', 'rectangle', 'symbol', 'oval', 'trademark', 'number']",Topic C,0.031713665,0.031233173,0.93705314,,,,,
Cq0q-gOONE5,"['face', 'forehead', 'nose', 'hair', 'cheek', 'head', 'chin', 'outerwear', 'hairstyle', 'eyebrow']",Topic A,0.6927309,0.030359065,0.27691004,,,,,
CqyNDMNtZxp,"['hair', 'forehead', 'nose', 'joint', 'skin', 'head', 'lip', 'chin', 'hairstyle', 'eyebrow']",Topic A,0.9219568,0.030440025,0.047603156,,,,,
Cqte7DqtSij,"['sky', 'billboard', 'font', 'tree', 'real', 'estate', 'facade', 'building', 'arecales', 'city', 'advertising']",Topic C,0.028603366,0.029063234,0.9423334,,,,,
CqtKU9SNx-c,"['forehead', 'head', 'outerwear', 'hairstyle', 'eyebrow', 'facial', 'expression', 'human', 'light', 'jaw', 'beard']",Topic A,0.9413248,0.02796374,0.030711493,,,,,
CqqzQ6YseTx,"['hair', 'outerwear', 'hairstyle', 'photograph', 'facial', 'expression', 'human', 'purple', 'fashion', 'happy', 'plant']",Topic A,0.8094714,0.1575016,0.033026982,,,,,
CqnfweMuTgc,"['font', 'screenshot', 'rectangle', 'software', 'multimedia', 'circle', 'multimedia', 'software', 'brand', 'logo']",Topic B,0.030593932,0.63173693,0.33766916,,,,,
CqnlRl2uhRX,"['sky', 'cloud', 'flash', 'photography', 'sleeve', 'gesture', 'fence', 'people', 'nature', 'happy', 'cool', 'leisure']",Topic B,0.027487168,0.9429527,0.02956016,,,,,
Cqlb9cEu_6Q,"['face', 'forehead', 'lip', 'chin', 'eyebrow', 'facial', 'expression', 'eyelash', 'flash', 'photography', 'neck', 'sleeve']",Topic C,0.4075248,0.026540024,0.5659352,,,,,
CqgcpMgpDjh,"['face', 'head', 'outerwear', 'photograph', 'shirt', 'coat', 'human', 'black', 'hat', 'fashion']",Topic A,0.93579954,0.031976607,0.03222386,,,,,
CqgEo1xrw11,"['face', 'hair', 'head', 'outerwear', 'hairstyle', 'eye', 'hat', 'eyelash', 'fedora', 'fashion']",Topic A,0.9233173,0.031423297,0.045259397,,,,,
Cqf2422v1gw,"['forehead', 'glass', 'vision', 'care', 'eyebrow', 'beard', 'goggles', 'sunglass', 'mouth', 'eyewear', 'jaw']",Topic A,0.9410961,0.027964618,0.030939255,,,,,
CqdgASjuAiy,"['fashion', 'sleeve', 'gesture', 'flash', 'photography', 'eyelash', 'black', 'hair', 'lipstick', 'font', 'electric', 'blue', 'fashion', 'design']",Topic C,0.024587229,0.025378505,0.95003426,,,,,
CqbWfrJN-In,"['forehead', 'nose', 'cheek', 'eyebrow', 'eye', 'neck', 'flash', 'photography', 'jaw', 'sleeve', 'black', 'hair']",Topic C,0.029069457,0.026424114,0.9445064,,,,,
CqYWZUMtzPe,"['hair', 'smile', 'joint', 'hand', 'shoulder', 'arm', 'facial', 'expression', 'muscle', 'purple', 'human', 'body']",Topic A,0.6413555,0.32872212,0.029922334,,,,,
CqWA9jxvB7F,"['wheel', 'car', 'motor', 'vehicle', 'tire', 'automotive', 'lighting', 'hood', 'automotive', 'design', 'vehicle', 'automotive', 'tire', 'automotive', 'exterior']",Topic A,0.95382214,0.02464365,0.021534206,,,,,
CqQhB9usJnw,"['hairstyle', 'jaw', 'flash', 'photography', 'smile', 'eyewear', 'fun', 'darkness', 'event', 'audio', 'equipment']",Topic A,0.922136,0.033391763,0.04447222,,,,,
CqOXqKotRHm,"['shoe', 'thigh', 'comfort', 'knee', 'fashion', 'design', 'worker', 'tie', 'eyewear', 'human', 'leg', 'font']",Topic B,0.030082112,0.9415925,0.02832538,,,,,
CqLeROtPgu-,"['glass', 'vision', 'care', 'goggles', 'sunglass', 'sky', 'neck', 'eyewear', 'sleeve', 'gesture', 'travel']",Topic A,0.744414,0.032291215,0.22329481,,,,,
CqGpRS6JrcV,"['shoe', 'leg', 'dress', 'shirt', 'sleeve', 'eyewear', 'vision', 'care', 'collar', 'wood', 'flash', 'photography', 'thigh']",Topic A,0.38511112,0.27763698,0.3372519,,,,,
CqGiaSzuVOj,"['fashion', 'gesture', 'cartoon', 'art', 'cool', 'fictional', 'character', 'sleeve', 'fun', 'formal', 'wear', 'event']",Topic B,0.33379194,0.6373476,0.028860485,,,,,
CqGAFuxu6OE,"['smile', 'coat', 'font', 'musical', 'instrument', 'advertising', 'event', 'suit', 'formal', 'wear', 'movie', 'publication']",Topic C,0.031020382,0.03155111,0.93742853,,,,,
CqD2yipJZZw,"['forehead', 'eyebrow', 'mouth', 'neck', 'jaw', 'flash', 'photography', 'sleeve', 'gesture', 'eyelash', 'cool']",Topic C,0.031739805,0.030602247,0.937658,,,,,
CqBSCdrOYu3,"['font', 'magenta', 'brand', 'electric', 'blue']",Topic C,0.056849692,0.06164231,0.88150793,,,,,
Cp_Jv3ZujJ3,"['hair', 'joint', 'head', 'lip', 'chin', 'shoulder', 'eyebrow', 'facial', 'expression', 'muscle', 'eyelash']",Topic A,0.7353753,0.028280294,0.23634444,,,,,
Cp-tKCtvDp3,"['nose', 'hand', 'eyelash', 'mouth', 'jaw', 'gesture', 'happy', 'finger', 'font', 'nail']",Topic C,0.0333344,0.48107126,0.48559436,,,,,
Cp5jjiUpOLr,"['forehead', 'hair', 'chin', 'eyebrow', 'hairstyle', 'facial', 'expression', 'human', 'sleeve', 'gesture', 'art']",Topic A,0.9360092,0.031699754,0.032291017,,,,,
Cp3n9tvNljU,"['smile', 'photograph', 'human', 'flash', 'photography', 'happy', 'gesture', 'travel', 'leisure', 'fun', 'formal', 'wear']",Topic B,0.031808663,0.94063354,0.027557787,,,,,
Cp20ceKM_hv,"['cat', 'felidae', 'carnivore', 'computer', 'keyboard', 'small', 'cat', 'fawn', 'whisker', 'font', 'output', 'device', 'office', 'equipment']",Topic A,0.84537786,0.13145712,0.023164993,,,,,
Cp1DK4ChIZR,"['sky', 'plant', 'billboard', 'rectangle', 'tree', 'font', 'street', 'sign', 'signage', 'window', 'advertising']",Topic C,0.028109513,0.02900377,0.9428867,,,,,
Cp0g1PiPM2B,"['outerwear', 'fashion', 'beard', 'cool', 'eyewear', 'font', 'blazer', 'facial', 'hair', 'beauty', 'formal', 'wear']",Topic C,0.44399652,0.031173281,0.52483016,,,,,
Cp0THOaLm-l,"['hand', 'leg', 'human', 'body', 'thigh', 'gesture', 'finger', 'poster', 'font', 'thumb', 'knee']",Topic B,0.029744871,0.9406111,0.029644007,,,,,
Cp0FYasoOsX,"['sleeve', 'musical', 'instrument', 'font', 'event', 'art', 'team', 'illustration', 'fashion', 'accessory', 'pattern']",Topic C,0.032632854,0.03651099,0.93085617,,,,,
Cpx8CeXOIMK,"['font', 'poster', 'publication', 'fictional', 'character', 'movie', 'darkness', 'cg', 'artwork', 'electric', 'blue', 'advertising', 'flash', 'photography']",Topic C,0.3461297,0.023247238,0.6306231,,,,,
CpxZ0WdsBN-,"['textile', 'headgear', 'leisure', 'entertainment', 'event', 'performing', 'art', 'fun', 'performance', 'art', 'fur', 'tradition']",Topic B,0.027280675,0.9457371,0.026982235,,,,,
CpvcbDSJwee,"['eyewear', 'fashion', 'vision', 'care', 'sunglass', 'goggles', 'beard', 'happy', 'red', 'fun', 'summer']",Topic A,0.9405001,0.030396938,0.029102959,,,,,
CpsydEiNGHW,"['font', 'brand', 'circle', 'number', 'darkness']",Topic C,0.05747969,0.057773262,0.8847471,,,,,
CpqG2K2MOjE,"['organism', 'yellow', 'font', 'happy', 'smile', 'circle', 'logo', 'graphic', 'emoticon', 'eyelash']",Topic C,0.040809903,0.20807487,0.7511152,,,,,
CpnMe1xsQQt,"['beard', 'flash', 'photography', 'jaw', 'eyelash', 'gesture', 'facial', 'hair', 'midnight', 'font', 'darkness', 'eyewear']",Topic C,0.03475577,0.028360257,0.936884,,,,,
CpnbIXTv9bO,"['hairstyle', 'azure', 'flash', 'photography', 'cool', 'body', 'jewelry', 'aqua', 'font', 'electric', 'blue', 'jewellery', 'poster']",Topic C,0.02713261,0.028503176,0.9443642,,,,,
CplK7twJUIp,"['forehead', 'nose', 'cheek', 'chin', 'eyebrow', 'eyelash', 'flash', 'photography', 'iris', 'happy', 'smile']",Topic C,0.03259275,0.030960636,0.9364466,,,,,
CpiYZ_Zvu1L,"['hair', 'face', 'smile', 'joint', 'head', 'arm', 'facial', 'expression', 'blue', 'organ', 'fashion']",Topic A,0.9372707,0.030279929,0.032449376,,,,,
CpgBWxOPM47,"['sky', 'billboard', 'font', 'rectangle', 'signage', 'advertising', 'gas', 'sign', 'banner', 'street', 'sign']",Topic C,0.028040871,0.0282961,0.943663,,,,,
CpffAuVsBkV,"['happy', 'balloon', 'grass', 'font', 'tree', 'poster', 'circle', 'event', 'logo', 'recreation']",Topic B,0.031036796,0.93096566,0.037997536,,,,,
Cpa3wotybhd,"['sky', 'plant', 'cloud', 'property', 'billboard', 'rectangle', 'font', 'grass', 'window', 'landmark']",Topic C,0.030747434,0.43871525,0.53053737,,,,,
CpYTBvfJuXm,"['sharing', 'gesture', 'social', 'group', 'font', 'line', 'happy', 'elbow', 'employment', 'conversation', 'event']",Topic B,0.03153631,0.93910044,0.029363228,,,,,
CpVnTHJtp2K,"['photograph', 'window', 'building', 'world', 'morning', 'adaptation', 'plant', 'house', 'font']",Topic C,0.16974284,0.050323498,0.77993363,,,,,
CpTQQTdtyBd,"['hair', 'skin', 'head', 'lip', 'chin', 'eyebrow', 'muscle', 'neck', 'eyelash', 'jaw']",Topic A,0.56292737,0.031066107,0.4060065,,,,,
CpTJYK1td6F,"['flash', 'photography', 'gesture', 'happy', 'event', 'romance', 'jewellery', 'smile', 'formal', 'wear', 'necklace', 'suit']",Topic B,0.02700794,0.94354284,0.029449197,,,,,
CpS01sLpiMB,"['leg', 'dress', 'happy', 'knee', 'thigh', 'tie', 'leisure', 'flooring', 'entertainment', 'high', 'heel']",Topic B,0.028268166,0.94179064,0.029941252,,,,,
CpQkmn7uO1r,"['forehead', 'nose', 'cheek', 'lip', 'chin', 'jheri', 'curl', 'eyebrow', 'eyelash', 'jaw', 'flash', 'photography']",Topic C,0.027928598,0.026174707,0.94589674,,,,,
CpQP_13JHoV,"['short', 'leg', 'window', 'eyewear', 'flash', 'photography', 'thigh', 'waist', 'fashion', 'design', 'fun', 'event']",Topic B,0.028877512,0.7591273,0.21199517,,,,,
CpN_xn-J1LX,"['window', 'building', 'house', 'moon', 'font', 'plant', 'midnight', 'landscape', 'street', 'light', 'event']",Topic C,0.032138057,0.029944446,0.93791753,,,,,
